# ZENO OS Firmware Manager — Clean Build Log
# Started  : 2026-06-17 04:33:37 UTC
# Board    : ESP32_GENERIC_S3
# IDF      : /home/shanmukh/esp/esp-idf
# Type     : CLEAN
# ─────────────────────────────────────────────

[10:03:38] [INFO] Removed /home/shanmukh/OSBuild/ports/esp32/build-ESP32_GENERIC_S3
[10:03:38] [CMD] make BOARD=ESP32_GENERIC_S3 submodules
# ── make submodules ──
Use make V=1 or set BUILD_VERBOSE in your environment to increase build verbosity.
Executing action: reconfigure
Running cmake in directory /home/shanmukh/OSBuild/ports/esp32/build-ESP32_GENERIC_S3/submodules
Executing "cmake -G Ninja -DPYTHON_DEPS_CHECKED=1 -DPYTHON=/home/shanmukh/.espressif/python_env/idf5.5_py3.12_env/bin/python -DESP_PLATFORM=1 -DMICROPY_BOARD=ESP32_GENERIC_S3 -DMICROPY_BOARD_DIR=/home/shanmukh/OSBuild/ports/esp32/boards/ESP32_GENERIC_S3 -DUPDATE_SUBMODULES=1 -DCCACHE_ENABLE=0 /home/shanmukh/OSBuild/ports/esp32"...
-- Found Git: /usr/bin/git (found version "2.43.0") 
-- Minimal build - OFF
-- The C compiler identification is GNU 14.2.0
-- The CXX compiler identification is GNU 14.2.0
-- The ASM compiler identification is GNU
-- Found assembler: /home/shanmukh/.espressif/tools/xtensa-esp-elf/esp-14.2.0_20251107/xtensa-esp-elf/bin/xtensa-esp32s3-elf-gcc
-- Detecting C compiler ABI info
-- Detecting C compiler ABI info - done
-- Check for working C compiler: /home/shanmukh/.espressif/tools/xtensa-esp-elf/esp-14.2.0_20251107/xtensa-esp-elf/bin/xtensa-esp32s3-elf-gcc - skipped
-- Detecting C compile features
-- Detecting C compile features - done
-- Detecting CXX compiler ABI info
-- Detecting CXX compiler ABI info - done
-- Check for working CXX compiler: /home/shanmukh/.espressif/tools/xtensa-esp-elf/esp-14.2.0_20251107/xtensa-esp-elf/bin/xtensa-esp32s3-elf-g++ - skipped
-- Detecting CXX compile features
-- Detecting CXX compile features - done
-- Building ESP-IDF components for target esp32s3
NOTICE: Skipping optional dependency: espressif/esp_hosted
NOTICE: Skipping optional dependency: espressif/esp_wifi_remote
NOTICE: Skipping optional dependency: espressif/lan867x
NOTICE: Processing 3 dependencies:
NOTICE: [1/3] espressif/mdns (1.1.0)
NOTICE: [2/3] espressif/tinyusb (e4c0ec3caab3d9c25374de7047653b9ced8f14ff)
NOTICE: [3/3] idf (5.5.2)
-- ESP-TEE is currently supported only on the esp32c6;esp32h2;esp32c5 SoCs
NOTICE: Skipping optional dependency: espressif/esp_hosted
NOTICE: Skipping optional dependency: espressif/esp_wifi_remote
NOTICE: Skipping optional dependency: espressif/lan867x
-- Project sdkconfig file /home/shanmukh/OSBuild/ports/esp32/build-ESP32_GENERIC_S3/submodules/sdkconfig
info: Choice ESPTOOLPY_FLASHSIZE has multiple active selections. The last one will be used: ESPTOOLPY_FLASHSIZE_16MB .
info: Choice ESPTOOLPY_FLASHFREQ has multiple active selections. The last one will be used: ESPTOOLPY_FLASHFREQ_80M .
Loading defaults file /home/shanmukh/OSBuild/ports/esp32/build-ESP32_GENERIC_S3/submodules/sdkconfig.combined...
/home/shanmukh/OSBuild/ports/esp32/build-ESP32_GENERIC_S3/submodules/sdkconfig.combined:114 CONFIG_PERIPH_CTRL_FUNC_IN_IRAM was replaced with CONFIG_ESP_PERIPH_CTRL_FUNC_IN_IRAM 
/home/shanmukh/OSBuild/ports/esp32/build-ESP32_GENERIC_S3/submodules/sdkconfig.combined:138 CONFIG_NEWLIB_NANO_FORMAT was replaced with CONFIG_LIBC_NEWLIB_NANO_FORMAT 
/home/shanmukh/OSBuild/ports/esp32/build-ESP32_GENERIC_S3/submodules/sdkconfig.combined:172 CONFIG_BT_NIMBLE_TASK_STACK_SIZE was replaced with CONFIG_BT_NIMBLE_HOST_TASK_STACK_SIZE 
warning: unknown kconfig symbol 'XTAL_FREQ_AUTO' assigned to 'y' in /home/shanmukh/OSBuild/ports/esp32/build-ESP32_GENERIC_S3/submodules/sdkconfig.combined
warning: unknown kconfig symbol 'BT_NIMBLE_STATIC_TO_DYNAMIC' assigned to 'n' in /home/shanmukh/OSBuild/ports/esp32/build-ESP32_GENERIC_S3/submodules/sdkconfig.combined
-- Compiler supported targets: xtensa-esp-elf
-- Found Python3: /home/shanmukh/.espressif/python_env/idf5.5_py3.12_env/bin/python (found version "3.12.3") found components: Interpreter 
-- Performing Test CMAKE_HAVE_LIBC_PTHREAD
-- Performing Test CMAKE_HAVE_LIBC_PTHREAD - Success
-- Found Threads: TRUE  
-- Performing Test C_COMPILER_SUPPORTS_WFORMAT_SIGNEDNESS
-- Performing Test C_COMPILER_SUPPORTS_WFORMAT_SIGNEDNESS - Success
-- USING O3
-- App "micropython" version: 71d3d950f-dirty
-- Adding linker script /home/shanmukh/OSBuild/ports/esp32/build-ESP32_GENERIC_S3/submodules/esp-idf/esp_system/ld/memory.ld
-- Adding linker script /home/shanmukh/OSBuild/ports/esp32/build-ESP32_GENERIC_S3/submodules/esp-idf/esp_system/ld/sections.ld.in
-- Adding linker script /home/shanmukh/esp/esp-idf/components/esp_rom/esp32s3/ld/esp32s3.rom.ld
-- Adding linker script /home/shanmukh/esp/esp-idf/components/esp_rom/esp32s3/ld/esp32s3.rom.api.ld
-- Adding linker script /home/shanmukh/esp/esp-idf/components/esp_rom/esp32s3/ld/esp32s3.rom.bt_funcs.ld
-- Adding linker script /home/shanmukh/esp/esp-idf/components/esp_rom/esp32s3/ld/esp32s3.rom.libgcc.ld
-- Adding linker script /home/shanmukh/esp/esp-idf/components/esp_rom/esp32s3/ld/esp32s3.rom.wdt.ld
-- Adding linker script /home/shanmukh/esp/esp-idf/components/esp_rom/esp32s3/ld/esp32s3.rom.version.ld
-- Adding linker script /home/shanmukh/esp/esp-idf/components/esp_rom/esp32s3/ld/esp32s3.rom.ble_cca.ld
-- Adding linker script /home/shanmukh/esp/esp-idf/components/esp_rom/esp32s3/ld/esp32s3.rom.ble_test.ld
-- Adding linker script /home/shanmukh/esp/esp-idf/components/esp_rom/esp32s3/ld/esp32s3.rom.libc.ld
-- Adding linker script /home/shanmukh/esp/esp-idf/components/esp_rom/esp32s3/ld/esp32s3.rom.newlib.ld
-- Adding linker script /home/shanmukh/esp/esp-idf/components/soc/esp32s3/ld/esp32s3.peripherals.ld
Found User C Module(s): 
Updating submodules: lib/berkeley-db-1.xx lib/micropython-lib
Synchronizing submodule url for 'lib/berkeley-db-1.xx'
Synchronizing submodule url for 'lib/micropython-lib'
-- Components: app_trace app_update bootloader bootloader_support bt cmock console cxx driver efuse esp-tls esp_adc esp_app_format esp_bootloader_format esp_coex esp_common esp_driver_ana_cmpr esp_driver_bitscrambler esp_driver_cam esp_driver_dac esp_driver_gpio esp_driver_gptimer esp_driver_i2c esp_driver_i2s esp_driver_isp esp_driver_jpeg esp_driver_ledc esp_driver_mcpwm esp_driver_parlio esp_driver_pcnt esp_driver_ppa esp_driver_rmt esp_driver_sdio esp_driver_sdm esp_driver_sdmmc esp_driver_sdspi esp_driver_spi esp_driver_touch_sens esp_driver_tsens esp_driver_twai esp_driver_uart esp_driver_usb_serial_jtag esp_eth esp_event esp_gdbstub esp_hid esp_http_client esp_http_server esp_https_ota esp_https_server esp_hw_support esp_lcd esp_local_ctrl esp_mm esp_netif esp_netif_stack esp_partition esp_phy esp_pm esp_psram esp_ringbuf esp_rom esp_security esp_system esp_timer esp_vfs_console esp_wifi espcoredump espressif__mdns espressif__tinyusb esptool_py fatfs freertos hal heap http_parser idf_test ieee802154 json log lwip main mbedtls mqtt newlib nvs_flash nvs_sec_provider openthread partition_table perfmon protobuf-c protocomm pthread rt sdmmc soc spi_flash spiffs tcp_transport touch_element ulp unity usb vfs wear_levelling wifi_provisioning wpa_supplicant xtensa
-- Component paths: /home/shanmukh/esp/esp-idf/components/app_trace /home/shanmukh/esp/esp-idf/components/app_update /home/shanmukh/esp/esp-idf/components/bootloader /home/shanmukh/esp/esp-idf/components/bootloader_support /home/shanmukh/esp/esp-idf/components/bt /home/shanmukh/esp/esp-idf/components/cmock /home/shanmukh/esp/esp-idf/components/console /home/shanmukh/esp/esp-idf/components/cxx /home/shanmukh/esp/esp-idf/components/driver /home/shanmukh/esp/esp-idf/components/efuse /home/shanmukh/esp/esp-idf/components/esp-tls /home/shanmukh/esp/esp-idf/components/esp_adc /home/shanmukh/esp/esp-idf/components/esp_app_format /home/shanmukh/esp/esp-idf/components/esp_bootloader_format /home/shanmukh/esp/esp-idf/components/esp_coex /home/shanmukh/esp/esp-idf/components/esp_common /home/shanmukh/esp/esp-idf/components/esp_driver_ana_cmpr /home/shanmukh/esp/esp-idf/components/esp_driver_bitscrambler /home/shanmukh/esp/esp-idf/components/esp_driver_cam /home/shanmukh/esp/esp-idf/components/esp_driver_dac /home/shanmukh/esp/esp-idf/components/esp_driver_gpio /home/shanmukh/esp/esp-idf/components/esp_driver_gptimer /home/shanmukh/esp/esp-idf/components/esp_driver_i2c /home/shanmukh/esp/esp-idf/components/esp_driver_i2s /home/shanmukh/esp/esp-idf/components/esp_driver_isp /home/shanmukh/esp/esp-idf/components/esp_driver_jpeg /home/shanmukh/esp/esp-idf/components/esp_driver_ledc /home/shanmukh/esp/esp-idf/components/esp_driver_mcpwm /home/shanmukh/esp/esp-idf/components/esp_driver_parlio /home/shanmukh/esp/esp-idf/components/esp_driver_pcnt /home/shanmukh/esp/esp-idf/components/esp_driver_ppa /home/shanmukh/esp/esp-idf/components/esp_driver_rmt /home/shanmukh/esp/esp-idf/components/esp_driver_sdio /home/shanmukh/esp/esp-idf/components/esp_driver_sdm /home/shanmukh/esp/esp-idf/components/esp_driver_sdmmc /home/shanmukh/esp/esp-idf/components/esp_driver_sdspi /home/shanmukh/esp/esp-idf/components/esp_driver_spi /home/shanmukh/esp/esp-idf/components/esp_driver_touch_sens /home/shanmukh/esp/esp-idf/components/esp_driver_tsens /home/shanmukh/esp/esp-idf/components/esp_driver_twai /home/shanmukh/esp/esp-idf/components/esp_driver_uart /home/shanmukh/esp/esp-idf/components/esp_driver_usb_serial_jtag /home/shanmukh/esp/esp-idf/components/esp_eth /home/shanmukh/esp/esp-idf/components/esp_event /home/shanmukh/esp/esp-idf/components/esp_gdbstub /home/shanmukh/esp/esp-idf/components/esp_hid /home/shanmukh/esp/esp-idf/components/esp_http_client /home/shanmukh/esp/esp-idf/components/esp_http_server /home/shanmukh/esp/esp-idf/components/esp_https_ota /home/shanmukh/esp/esp-idf/components/esp_https_server /home/shanmukh/esp/esp-idf/components/esp_hw_support /home/shanmukh/esp/esp-idf/components/esp_lcd /home/shanmukh/esp/esp-idf/components/esp_local_ctrl /home/shanmukh/esp/esp-idf/components/esp_mm /home/shanmukh/esp/esp-idf/components/esp_netif /home/shanmukh/esp/esp-idf/components/esp_netif_stack /home/shanmukh/esp/esp-idf/components/esp_partition /home/shanmukh/esp/esp-idf/components/esp_phy /home/shanmukh/esp/esp-idf/components/esp_pm /home/shanmukh/esp/esp-idf/components/esp_psram /home/shanmukh/esp/esp-idf/components/esp_ringbuf /home/shanmukh/esp/esp-idf/components/esp_rom /home/shanmukh/esp/esp-idf/components/esp_security /home/shanmukh/esp/esp-idf/components/esp_system /home/shanmukh/esp/esp-idf/components/esp_timer /home/shanmukh/esp/esp-idf/components/esp_vfs_console /home/shanmukh/esp/esp-idf/components/esp_wifi /home/shanmukh/esp/esp-idf/components/espcoredump /home/shanmukh/OSBuild/ports/esp32/managed_components/espressif__mdns /home/shanmukh/OSBuild/ports/esp32/managed_components/espressif__tinyusb /home/shanmukh/esp/esp-idf/components/esptool_py /home/shanmukh/esp/esp-idf/components/fatfs /home/shanmukh/esp/esp-idf/components/freertos /home/shanmukh/esp/esp-idf/components/hal /home/shanmukh/esp/esp-idf/components/heap /home/shanmukh/esp/esp-idf/components/http_parser /home/shanmukh/esp/esp-idf/components/idf_test /home/shanmukh/esp/esp-idf/components/ieee802154 /home/shanmukh/esp/esp-idf/components/json /home/shanmukh/esp/esp-idf/components/log /home/shanmukh/esp/esp-idf/components/lwip /home/shanmukh/OSBuild/ports/esp32/main /home/shanmukh/esp/esp-idf/components/mbedtls /home/shanmukh/esp/esp-idf/components/mqtt /home/shanmukh/esp/esp-idf/components/newlib /home/shanmukh/esp/esp-idf/components/nvs_flash /home/shanmukh/esp/esp-idf/components/nvs_sec_provider /home/shanmukh/esp/esp-idf/components/openthread /home/shanmukh/esp/esp-idf/components/partition_table /home/shanmukh/esp/esp-idf/components/perfmon /home/shanmukh/esp/esp-idf/components/protobuf-c /home/shanmukh/esp/esp-idf/components/protocomm /home/shanmukh/esp/esp-idf/components/pthread /home/shanmukh/esp/esp-idf/components/rt /home/shanmukh/esp/esp-idf/components/sdmmc /home/shanmukh/esp/esp-idf/components/soc /home/shanmukh/esp/esp-idf/components/spi_flash /home/shanmukh/esp/esp-idf/components/spiffs /home/shanmukh/esp/esp-idf/components/tcp_transport /home/shanmukh/esp/esp-idf/components/touch_element /home/shanmukh/esp/esp-idf/components/ulp /home/shanmukh/esp/esp-idf/components/unity /home/shanmukh/esp/esp-idf/components/usb /home/shanmukh/esp/esp-idf/components/vfs /home/shanmukh/esp/esp-idf/components/wear_levelling /home/shanmukh/esp/esp-idf/components/wifi_provisioning /home/shanmukh/esp/esp-idf/components/wpa_supplicant /home/shanmukh/esp/esp-idf/components/xtensa
Checking lockfile contents...
-- Configuring done (12.9s)
-- Generating done (0.8s)
-- Build files have been written to: /home/shanmukh/OSBuild/ports/esp32/build-ESP32_GENERIC_S3/submodules
# ── submodules done ──
[10:03:53] [CMD] make BOARD=ESP32_GENERIC_S3
Use make V=1 or set BUILD_VERBOSE in your environment to increase build verbosity.
Executing action: all (aliases: build)
Running cmake in directory /home/shanmukh/OSBuild/ports/esp32/build-ESP32_GENERIC_S3
Executing "cmake -G Ninja -DPYTHON_DEPS_CHECKED=1 -DPYTHON=/home/shanmukh/.espressif/python_env/idf5.5_py3.12_env/bin/python -DESP_PLATFORM=1 -DMICROPY_BOARD=ESP32_GENERIC_S3 -DMICROPY_BOARD_DIR=/home/shanmukh/OSBuild/ports/esp32/boards/ESP32_GENERIC_S3 -DCCACHE_ENABLE=0 /home/shanmukh/OSBuild/ports/esp32"...
-- Found Git: /usr/bin/git (found version "2.43.0") 
-- Minimal build - OFF
-- The C compiler identification is GNU 14.2.0
-- The CXX compiler identification is GNU 14.2.0
-- The ASM compiler identification is GNU
-- Found assembler: /home/shanmukh/.espressif/tools/xtensa-esp-elf/esp-14.2.0_20251107/xtensa-esp-elf/bin/xtensa-esp32s3-elf-gcc
-- Detecting C compiler ABI info
-- Detecting C compiler ABI info - done
-- Check for working C compiler: /home/shanmukh/.espressif/tools/xtensa-esp-elf/esp-14.2.0_20251107/xtensa-esp-elf/bin/xtensa-esp32s3-elf-gcc - skipped
-- Detecting C compile features
-- Detecting C compile features - done
-- Detecting CXX compiler ABI info
-- Detecting CXX compiler ABI info - done
-- Check for working CXX compiler: /home/shanmukh/.espressif/tools/xtensa-esp-elf/esp-14.2.0_20251107/xtensa-esp-elf/bin/xtensa-esp32s3-elf-g++ - skipped
-- Detecting CXX compile features
-- Detecting CXX compile features - done
-- Building ESP-IDF components for target esp32s3
NOTICE: Skipping optional dependency: espressif/esp_hosted
NOTICE: Skipping optional dependency: espressif/esp_wifi_remote
NOTICE: Skipping optional dependency: espressif/lan867x
NOTICE: Processing 3 dependencies:
NOTICE: [1/3] espressif/mdns (1.1.0)
NOTICE: [2/3] espressif/tinyusb (e4c0ec3caab3d9c25374de7047653b9ced8f14ff)
NOTICE: [3/3] idf (5.5.2)
-- ESP-TEE is currently supported only on the esp32c6;esp32h2;esp32c5 SoCs
NOTICE: Skipping optional dependency: espressif/esp_hosted
NOTICE: Skipping optional dependency: espressif/esp_wifi_remote
NOTICE: Skipping optional dependency: espressif/lan867x
-- Project sdkconfig file /home/shanmukh/OSBuild/ports/esp32/build-ESP32_GENERIC_S3/sdkconfig
info: Choice ESPTOOLPY_FLASHSIZE has multiple active selections. The last one will be used: ESPTOOLPY_FLASHSIZE_16MB .
info: Choice ESPTOOLPY_FLASHFREQ has multiple active selections. The last one will be used: ESPTOOLPY_FLASHFREQ_80M .
Loading defaults file /home/shanmukh/OSBuild/ports/esp32/build-ESP32_GENERIC_S3/sdkconfig.combined...
/home/shanmukh/OSBuild/ports/esp32/build-ESP32_GENERIC_S3/sdkconfig.combined:114 CONFIG_PERIPH_CTRL_FUNC_IN_IRAM was replaced with CONFIG_ESP_PERIPH_CTRL_FUNC_IN_IRAM 
/home/shanmukh/OSBuild/ports/esp32/build-ESP32_GENERIC_S3/sdkconfig.combined:138 CONFIG_NEWLIB_NANO_FORMAT was replaced with CONFIG_LIBC_NEWLIB_NANO_FORMAT 
/home/shanmukh/OSBuild/ports/esp32/build-ESP32_GENERIC_S3/sdkconfig.combined:172 CONFIG_BT_NIMBLE_TASK_STACK_SIZE was replaced with CONFIG_BT_NIMBLE_HOST_TASK_STACK_SIZE 
warning: unknown kconfig symbol 'XTAL_FREQ_AUTO' assigned to 'y' in /home/shanmukh/OSBuild/ports/esp32/build-ESP32_GENERIC_S3/sdkconfig.combined
warning: unknown kconfig symbol 'BT_NIMBLE_STATIC_TO_DYNAMIC' assigned to 'n' in /home/shanmukh/OSBuild/ports/esp32/build-ESP32_GENERIC_S3/sdkconfig.combined
-- Compiler supported targets: xtensa-esp-elf
-- Found Python3: /home/shanmukh/.espressif/python_env/idf5.5_py3.12_env/bin/python (found version "3.12.3") found components: Interpreter 
-- Performing Test CMAKE_HAVE_LIBC_PTHREAD
-- Performing Test CMAKE_HAVE_LIBC_PTHREAD - Success
-- Found Threads: TRUE  
-- Performing Test C_COMPILER_SUPPORTS_WFORMAT_SIGNEDNESS
-- Performing Test C_COMPILER_SUPPORTS_WFORMAT_SIGNEDNESS - Success
-- USING O3
-- App "micropython" version: 71d3d950f-dirty
-- Adding linker script /home/shanmukh/OSBuild/ports/esp32/build-ESP32_GENERIC_S3/esp-idf/esp_system/ld/memory.ld
-- Adding linker script /home/shanmukh/OSBuild/ports/esp32/build-ESP32_GENERIC_S3/esp-idf/esp_system/ld/sections.ld.in
-- Adding linker script /home/shanmukh/esp/esp-idf/components/esp_rom/esp32s3/ld/esp32s3.rom.ld
-- Adding linker script /home/shanmukh/esp/esp-idf/components/esp_rom/esp32s3/ld/esp32s3.rom.api.ld
-- Adding linker script /home/shanmukh/esp/esp-idf/components/esp_rom/esp32s3/ld/esp32s3.rom.bt_funcs.ld
-- Adding linker script /home/shanmukh/esp/esp-idf/components/esp_rom/esp32s3/ld/esp32s3.rom.libgcc.ld
-- Adding linker script /home/shanmukh/esp/esp-idf/components/esp_rom/esp32s3/ld/esp32s3.rom.wdt.ld
-- Adding linker script /home/shanmukh/esp/esp-idf/components/esp_rom/esp32s3/ld/esp32s3.rom.version.ld
-- Adding linker script /home/shanmukh/esp/esp-idf/components/esp_rom/esp32s3/ld/esp32s3.rom.ble_cca.ld
-- Adding linker script /home/shanmukh/esp/esp-idf/components/esp_rom/esp32s3/ld/esp32s3.rom.ble_test.ld
-- Adding linker script /home/shanmukh/esp/esp-idf/components/esp_rom/esp32s3/ld/esp32s3.rom.libc.ld
-- Adding linker script /home/shanmukh/esp/esp-idf/components/esp_rom/esp32s3/ld/esp32s3.rom.newlib.ld
-- Adding linker script /home/shanmukh/esp/esp-idf/components/soc/esp32s3/ld/esp32s3.peripherals.ld
Found User C Module(s): 
-- Components: app_trace app_update bootloader bootloader_support bt cmock console cxx driver efuse esp-tls esp_adc esp_app_format esp_bootloader_format esp_coex esp_common esp_driver_ana_cmpr esp_driver_bitscrambler esp_driver_cam esp_driver_dac esp_driver_gpio esp_driver_gptimer esp_driver_i2c esp_driver_i2s esp_driver_isp esp_driver_jpeg esp_driver_ledc esp_driver_mcpwm esp_driver_parlio esp_driver_pcnt esp_driver_ppa esp_driver_rmt esp_driver_sdio esp_driver_sdm esp_driver_sdmmc esp_driver_sdspi esp_driver_spi esp_driver_touch_sens esp_driver_tsens esp_driver_twai esp_driver_uart esp_driver_usb_serial_jtag esp_eth esp_event esp_gdbstub esp_hid esp_http_client esp_http_server esp_https_ota esp_https_server esp_hw_support esp_lcd esp_local_ctrl esp_mm esp_netif esp_netif_stack esp_partition esp_phy esp_pm esp_psram esp_ringbuf esp_rom esp_security esp_system esp_timer esp_vfs_console esp_wifi espcoredump espressif__mdns espressif__tinyusb esptool_py fatfs freertos hal heap http_parser idf_test ieee802154 json log lwip main mbedtls mqtt newlib nvs_flash nvs_sec_provider openthread partition_table perfmon protobuf-c protocomm pthread rt sdmmc soc spi_flash spiffs tcp_transport touch_element ulp unity usb vfs wear_levelling wifi_provisioning wpa_supplicant xtensa
-- Component paths: /home/shanmukh/esp/esp-idf/components/app_trace /home/shanmukh/esp/esp-idf/components/app_update /home/shanmukh/esp/esp-idf/components/bootloader /home/shanmukh/esp/esp-idf/components/bootloader_support /home/shanmukh/esp/esp-idf/components/bt /home/shanmukh/esp/esp-idf/components/cmock /home/shanmukh/esp/esp-idf/components/console /home/shanmukh/esp/esp-idf/components/cxx /home/shanmukh/esp/esp-idf/components/driver /home/shanmukh/esp/esp-idf/components/efuse /home/shanmukh/esp/esp-idf/components/esp-tls /home/shanmukh/esp/esp-idf/components/esp_adc /home/shanmukh/esp/esp-idf/components/esp_app_format /home/shanmukh/esp/esp-idf/components/esp_bootloader_format /home/shanmukh/esp/esp-idf/components/esp_coex /home/shanmukh/esp/esp-idf/components/esp_common /home/shanmukh/esp/esp-idf/components/esp_driver_ana_cmpr /home/shanmukh/esp/esp-idf/components/esp_driver_bitscrambler /home/shanmukh/esp/esp-idf/components/esp_driver_cam /home/shanmukh/esp/esp-idf/components/esp_driver_dac /home/shanmukh/esp/esp-idf/components/esp_driver_gpio /home/shanmukh/esp/esp-idf/components/esp_driver_gptimer /home/shanmukh/esp/esp-idf/components/esp_driver_i2c /home/shanmukh/esp/esp-idf/components/esp_driver_i2s /home/shanmukh/esp/esp-idf/components/esp_driver_isp /home/shanmukh/esp/esp-idf/components/esp_driver_jpeg /home/shanmukh/esp/esp-idf/components/esp_driver_ledc /home/shanmukh/esp/esp-idf/components/esp_driver_mcpwm /home/shanmukh/esp/esp-idf/components/esp_driver_parlio /home/shanmukh/esp/esp-idf/components/esp_driver_pcnt /home/shanmukh/esp/esp-idf/components/esp_driver_ppa /home/shanmukh/esp/esp-idf/components/esp_driver_rmt /home/shanmukh/esp/esp-idf/components/esp_driver_sdio /home/shanmukh/esp/esp-idf/components/esp_driver_sdm /home/shanmukh/esp/esp-idf/components/esp_driver_sdmmc /home/shanmukh/esp/esp-idf/components/esp_driver_sdspi /home/shanmukh/esp/esp-idf/components/esp_driver_spi /home/shanmukh/esp/esp-idf/components/esp_driver_touch_sens /home/shanmukh/esp/esp-idf/components/esp_driver_tsens /home/shanmukh/esp/esp-idf/components/esp_driver_twai /home/shanmukh/esp/esp-idf/components/esp_driver_uart /home/shanmukh/esp/esp-idf/components/esp_driver_usb_serial_jtag /home/shanmukh/esp/esp-idf/components/esp_eth /home/shanmukh/esp/esp-idf/components/esp_event /home/shanmukh/esp/esp-idf/components/esp_gdbstub /home/shanmukh/esp/esp-idf/components/esp_hid /home/shanmukh/esp/esp-idf/components/esp_http_client /home/shanmukh/esp/esp-idf/components/esp_http_server /home/shanmukh/esp/esp-idf/components/esp_https_ota /home/shanmukh/esp/esp-idf/components/esp_https_server /home/shanmukh/esp/esp-idf/components/esp_hw_support /home/shanmukh/esp/esp-idf/components/esp_lcd /home/shanmukh/esp/esp-idf/components/esp_local_ctrl /home/shanmukh/esp/esp-idf/components/esp_mm /home/shanmukh/esp/esp-idf/components/esp_netif /home/shanmukh/esp/esp-idf/components/esp_netif_stack /home/shanmukh/esp/esp-idf/components/esp_partition /home/shanmukh/esp/esp-idf/components/esp_phy /home/shanmukh/esp/esp-idf/components/esp_pm /home/shanmukh/esp/esp-idf/components/esp_psram /home/shanmukh/esp/esp-idf/components/esp_ringbuf /home/shanmukh/esp/esp-idf/components/esp_rom /home/shanmukh/esp/esp-idf/components/esp_security /home/shanmukh/esp/esp-idf/components/esp_system /home/shanmukh/esp/esp-idf/components/esp_timer /home/shanmukh/esp/esp-idf/components/esp_vfs_console /home/shanmukh/esp/esp-idf/components/esp_wifi /home/shanmukh/esp/esp-idf/components/espcoredump /home/shanmukh/OSBuild/ports/esp32/managed_components/espressif__mdns /home/shanmukh/OSBuild/ports/esp32/managed_components/espressif__tinyusb /home/shanmukh/esp/esp-idf/components/esptool_py /home/shanmukh/esp/esp-idf/components/fatfs /home/shanmukh/esp/esp-idf/components/freertos /home/shanmukh/esp/esp-idf/components/hal /home/shanmukh/esp/esp-idf/components/heap /home/shanmukh/esp/esp-idf/components/http_parser /home/shanmukh/esp/esp-idf/components/idf_test /home/shanmukh/esp/esp-idf/components/ieee802154 /home/shanmukh/esp/esp-idf/components/json /home/shanmukh/esp/esp-idf/components/log /home/shanmukh/esp/esp-idf/components/lwip /home/shanmukh/OSBuild/ports/esp32/main /home/shanmukh/esp/esp-idf/components/mbedtls /home/shanmukh/esp/esp-idf/components/mqtt /home/shanmukh/esp/esp-idf/components/newlib /home/shanmukh/esp/esp-idf/components/nvs_flash /home/shanmukh/esp/esp-idf/components/nvs_sec_provider /home/shanmukh/esp/esp-idf/components/openthread /home/shanmukh/esp/esp-idf/components/partition_table /home/shanmukh/esp/esp-idf/components/perfmon /home/shanmukh/esp/esp-idf/components/protobuf-c /home/shanmukh/esp/esp-idf/components/protocomm /home/shanmukh/esp/esp-idf/components/pthread /home/shanmukh/esp/esp-idf/components/rt /home/shanmukh/esp/esp-idf/components/sdmmc /home/shanmukh/esp/esp-idf/components/soc /home/shanmukh/esp/esp-idf/components/spi_flash /home/shanmukh/esp/esp-idf/components/spiffs /home/shanmukh/esp/esp-idf/components/tcp_transport /home/shanmukh/esp/esp-idf/components/touch_element /home/shanmukh/esp/esp-idf/components/ulp /home/shanmukh/esp/esp-idf/components/unity /home/shanmukh/esp/esp-idf/components/usb /home/shanmukh/esp/esp-idf/components/vfs /home/shanmukh/esp/esp-idf/components/wear_levelling /home/shanmukh/esp/esp-idf/components/wifi_provisioning /home/shanmukh/esp/esp-idf/components/wpa_supplicant /home/shanmukh/esp/esp-idf/components/xtensa
Checking lockfile contents...
-- Configuring done (8.8s)
-- Generating done (0.8s)
-- Build files have been written to: /home/shanmukh/OSBuild/ports/esp32/build-ESP32_GENERIC_S3
Running ninja in directory /home/shanmukh/OSBuild/ports/esp32/build-ESP32_GENERIC_S3
Executing "ninja all"...
[1/1514] Generating project_elf_src_esp32s3.c
[2/1514] Generating /home/shanmukh/OSBuild/ports/esp32/build-ESP32_GENERIC_S3/esp-idf/esp_system/ld/memory.ld linker script...
[3/1514] Generating ../../ota_data_initial.bin
[4/1514] Generating /home/shanmukh/OSBuild/ports/esp32/build-ESP32_GENERIC_S3/esp-idf/esp_system/ld/sections.ld.in linker script...
[5/1514] Building C object esp-idf/xtensa/CMakeFiles/__idf_xtensa.dir/eri.c.obj
[6/1514] Generating ../../partition_table/partition-table.bin
Partition table binary generated. Contents:
*******************************************************************************
# ESP-IDF Partition Table
# Name, Type, SubType, Offset, Size, Flags
nvs,data,nvs,0x9000,16K,
otadata,data,ota,0xd000,8K,
phy_init,data,phy,0xf000,4K,
ota_0,app,ota_0,0x10000,2496K,
ota_1,app,ota_1,0x280000,2496K,
zfs,data,fat,0x4f0000,3M,
*******************************************************************************
[7/1514] Building C object esp-idf/main/CMakeFiles/micropy_extmod_btree.dir/home/shanmukh/OSBuild/lib/berkeley-db-1.xx/btree/bt_close.c.obj
[8/1514] Building ASM object esp-idf/xtensa/CMakeFiles/__idf_xtensa.dir/xtensa_intr_asm.S.obj
[9/1514] Building C object esp-idf/xtensa/CMakeFiles/__idf_xtensa.dir/xt_trax.c.obj
[10/1514] Building ASM object esp-idf/xtensa/CMakeFiles/__idf_xtensa.dir/xtensa_context.S.obj
[11/1514] Building ASM object esp-idf/xtensa/CMakeFiles/__idf_xtensa.dir/xtensa_vectors.S.obj
[12/1514] Building C object esp-idf/esp_driver_gpio/CMakeFiles/__idf_esp_driver_gpio.dir/src/gpio_glitch_filter_ops.c.obj
[13/1514] Building C object esp-idf/xtensa/CMakeFiles/__idf_xtensa.dir/xtensa_intr.c.obj
[14/1514] Building C object esp-idf/esp_driver_gpio/CMakeFiles/__idf_esp_driver_gpio.dir/src/dedic_gpio.c.obj
[15/1514] Building C object esp-idf/esp_driver_gpio/CMakeFiles/__idf_esp_driver_gpio.dir/src/rtc_io.c.obj
[16/1514] Building C object esp-idf/esp_pm/CMakeFiles/__idf_esp_pm.dir/pm_locks.c.obj
[17/1514] Building C object esp-idf/esp_driver_gpio/CMakeFiles/__idf_esp_driver_gpio.dir/src/gpio_pin_glitch_filter.c.obj
[18/1514] Building C object esp-idf/esp_pm/CMakeFiles/__idf_esp_pm.dir/pm_trace.c.obj
[19/1514] Building C object esp-idf/mbedtls/mbedtls/3rdparty/everest/CMakeFiles/everest.dir/library/everest.c.obj
[20/1514] Building C object esp-idf/esp_driver_gpio/CMakeFiles/__idf_esp_driver_gpio.dir/src/gpio.c.obj
[21/1514] Building C object esp-idf/mbedtls/mbedtls/3rdparty/everest/CMakeFiles/everest.dir/library/Hacl_Curve25519_joined.c.obj
[22/1514] Building C object esp-idf/mbedtls/mbedtls/3rdparty/everest/CMakeFiles/everest.dir/library/x25519.c.obj
[23/1514] Building C object esp-idf/esp_pm/CMakeFiles/__idf_esp_pm.dir/pm_impl.c.obj
[24/1514] Building C object esp-idf/mbedtls/mbedtls/3rdparty/p256-m/CMakeFiles/p256m.dir/p256-m_driver_entrypoints.c.obj
[25/1514] Building C object esp-idf/mbedtls/mbedtls/3rdparty/p256-m/CMakeFiles/p256m.dir/p256-m/p256-m.c.obj
[26/1514] Building C object esp-idf/mbedtls/mbedtls/library/CMakeFiles/mbedcrypto.dir/aesni.c.obj
[27/1514] Building C object esp-idf/mbedtls/mbedtls/library/CMakeFiles/mbedcrypto.dir/aesce.c.obj
[28/1514] Building C object esp-idf/mbedtls/mbedtls/library/CMakeFiles/mbedcrypto.dir/aes.c.obj
[29/1514] Building C object esp-idf/mbedtls/mbedtls/library/CMakeFiles/mbedcrypto.dir/asn1parse.c.obj
[30/1514] Building C object esp-idf/mbedtls/mbedtls/library/CMakeFiles/mbedcrypto.dir/asn1write.c.obj
[31/1514] Building C object esp-idf/mbedtls/mbedtls/library/CMakeFiles/mbedcrypto.dir/base64.c.obj
[32/1514] Building C object esp-idf/mbedtls/mbedtls/library/CMakeFiles/mbedcrypto.dir/aria.c.obj
[33/1514] Building C object esp-idf/mbedtls/mbedtls/library/CMakeFiles/mbedcrypto.dir/bignum_mod.c.obj
[34/1514] Building C object esp-idf/mbedtls/mbedtls/library/CMakeFiles/mbedcrypto.dir/bignum_mod_raw.c.obj
[35/1514] Building C object esp-idf/mbedtls/mbedtls/library/CMakeFiles/mbedcrypto.dir/block_cipher.c.obj
[36/1514] Building C object esp-idf/mbedtls/mbedtls/library/CMakeFiles/mbedcrypto.dir/camellia.c.obj
[37/1514] Building C object esp-idf/mbedtls/mbedtls/library/CMakeFiles/mbedcrypto.dir/ccm.c.obj
[38/1514] Building C object esp-idf/mbedtls/mbedtls/library/CMakeFiles/mbedcrypto.dir/chacha20.c.obj
[39/1514] Building C object esp-idf/mbedtls/mbedtls/library/CMakeFiles/mbedcrypto.dir/chachapoly.c.obj
[40/1514] Building C object esp-idf/mbedtls/mbedtls/library/CMakeFiles/mbedcrypto.dir/bignum_core.c.obj
[41/1514] Building C object esp-idf/mbedtls/mbedtls/library/CMakeFiles/mbedcrypto.dir/cipher.c.obj
[42/1514] Building C object esp-idf/mbedtls/mbedtls/library/CMakeFiles/mbedcrypto.dir/bignum.c.obj
[43/1514] Building C object esp-idf/mbedtls/mbedtls/library/CMakeFiles/mbedcrypto.dir/cipher_wrap.c.obj
[44/1514] Building C object esp-idf/mbedtls/mbedtls/library/CMakeFiles/mbedcrypto.dir/constant_time.c.obj
[45/1514] Building C object esp-idf/mbedtls/mbedtls/library/CMakeFiles/mbedcrypto.dir/des.c.obj
[46/1514] Building C object esp-idf/mbedtls/mbedtls/library/CMakeFiles/mbedcrypto.dir/cmac.c.obj
[47/1514] Building C object esp-idf/mbedtls/mbedtls/library/CMakeFiles/mbedcrypto.dir/dhm.c.obj
[48/1514] Building C object esp-idf/mbedtls/mbedtls/library/CMakeFiles/mbedcrypto.dir/ecdh.c.obj
[49/1514] Building C object esp-idf/mbedtls/mbedtls/library/CMakeFiles/mbedcrypto.dir/ctr_drbg.c.obj
[50/1514] Building C object esp-idf/mbedtls/mbedtls/library/CMakeFiles/mbedcrypto.dir/ecjpake.c.obj
[51/1514] Building C object esp-idf/mbedtls/mbedtls/library/CMakeFiles/mbedcrypto.dir/ecdsa.c.obj
[52/1514] Building C object esp-idf/mbedtls/mbedtls/library/CMakeFiles/mbedcrypto.dir/ecp_curves_new.c.obj
[53/1514] Building C object esp-idf/mbedtls/mbedtls/library/CMakeFiles/mbedcrypto.dir/entropy.c.obj
[54/1514] Building C object esp-idf/mbedtls/mbedtls/library/CMakeFiles/mbedcrypto.dir/ecp_curves.c.obj
[55/1514] Building C object esp-idf/mbedtls/mbedtls/library/CMakeFiles/mbedcrypto.dir/entropy_poll.c.obj
[56/1514] Building C object esp-idf/mbedtls/mbedtls/library/CMakeFiles/mbedcrypto.dir/gcm.c.obj
[57/1514] Building C object esp-idf/mbedtls/mbedtls/library/CMakeFiles/mbedcrypto.dir/ecp.c.obj
[58/1514] Building C object esp-idf/mbedtls/mbedtls/library/CMakeFiles/mbedcrypto.dir/error.c.obj
[59/1514] Building C object esp-idf/mbedtls/mbedtls/library/CMakeFiles/mbedcrypto.dir/hkdf.c.obj
[60/1514] Building C object esp-idf/mbedtls/mbedtls/library/CMakeFiles/mbedcrypto.dir/hmac_drbg.c.obj
[61/1514] Building C object esp-idf/mbedtls/mbedtls/library/CMakeFiles/mbedcrypto.dir/lmots.c.obj
[62/1514] Building C object esp-idf/mbedtls/mbedtls/library/CMakeFiles/mbedcrypto.dir/lms.c.obj
[63/1514] Building C object esp-idf/mbedtls/mbedtls/library/CMakeFiles/mbedcrypto.dir/md5.c.obj
[64/1514] Building C object esp-idf/mbedtls/mbedtls/library/CMakeFiles/mbedcrypto.dir/memory_buffer_alloc.c.obj
[65/1514] Building C object esp-idf/mbedtls/mbedtls/library/CMakeFiles/mbedcrypto.dir/nist_kw.c.obj
[66/1514] Building C object esp-idf/mbedtls/mbedtls/library/CMakeFiles/mbedcrypto.dir/md.c.obj
[67/1514] Building C object esp-idf/mbedtls/mbedtls/library/CMakeFiles/mbedcrypto.dir/padlock.c.obj
[68/1514] Building C object esp-idf/mbedtls/mbedtls/library/CMakeFiles/mbedcrypto.dir/oid.c.obj
[69/1514] Building C object esp-idf/mbedtls/mbedtls/library/CMakeFiles/mbedcrypto.dir/pem.c.obj
[70/1514] Building C object esp-idf/mbedtls/mbedtls/library/CMakeFiles/mbedcrypto.dir/pk.c.obj
[71/1514] Building C object esp-idf/mbedtls/mbedtls/library/CMakeFiles/mbedcrypto.dir/pk_ecc.c.obj
[72/1514] Building C object esp-idf/mbedtls/mbedtls/library/CMakeFiles/mbedcrypto.dir/pk_wrap.c.obj
[73/1514] Building C object esp-idf/mbedtls/mbedtls/library/CMakeFiles/mbedcrypto.dir/pkcs5.c.obj
[74/1514] Building C object esp-idf/mbedtls/mbedtls/library/CMakeFiles/mbedcrypto.dir/pkcs12.c.obj
[75/1514] Building C object esp-idf/mbedtls/mbedtls/library/CMakeFiles/mbedcrypto.dir/platform.c.obj
[76/1514] Building C object esp-idf/mbedtls/mbedtls/library/CMakeFiles/mbedcrypto.dir/pkparse.c.obj
[77/1514] Building C object esp-idf/mbedtls/mbedtls/library/CMakeFiles/mbedcrypto.dir/pkwrite.c.obj
[78/1514] Building C object esp-idf/mbedtls/mbedtls/library/CMakeFiles/mbedcrypto.dir/platform_util.c.obj
[79/1514] Building C object esp-idf/mbedtls/mbedtls/library/CMakeFiles/mbedcrypto.dir/poly1305.c.obj
[80/1514] Building C object esp-idf/mbedtls/mbedtls/library/CMakeFiles/mbedcrypto.dir/psa_crypto_cipher.c.obj
[81/1514] Building C object esp-idf/mbedtls/mbedtls/library/CMakeFiles/mbedcrypto.dir/psa_crypto_aead.c.obj
[82/1514] Building C object esp-idf/mbedtls/mbedtls/library/CMakeFiles/mbedcrypto.dir/psa_crypto_driver_wrappers_no_static.c.obj
[83/1514] Building C object esp-idf/mbedtls/mbedtls/library/CMakeFiles/mbedcrypto.dir/psa_crypto_client.c.obj
[84/1514] Building C object esp-idf/mbedtls/mbedtls/library/CMakeFiles/mbedcrypto.dir/psa_crypto_ffdh.c.obj
[85/1514] Building C object esp-idf/mbedtls/mbedtls/library/CMakeFiles/mbedcrypto.dir/psa_crypto_ecp.c.obj
[86/1514] Building C object esp-idf/mbedtls/mbedtls/library/CMakeFiles/mbedcrypto.dir/psa_crypto_hash.c.obj
[87/1514] Building C object esp-idf/mbedtls/mbedtls/library/CMakeFiles/mbedcrypto.dir/psa_crypto_mac.c.obj
[88/1514] Building C object esp-idf/mbedtls/mbedtls/library/CMakeFiles/mbedcrypto.dir/psa_crypto_pake.c.obj
[89/1514] Building C object esp-idf/mbedtls/mbedtls/library/CMakeFiles/mbedcrypto.dir/psa_crypto_se.c.obj
[90/1514] Building C object esp-idf/mbedtls/mbedtls/library/CMakeFiles/mbedcrypto.dir/psa_crypto_rsa.c.obj
[91/1514] Building C object esp-idf/mbedtls/mbedtls/library/CMakeFiles/mbedcrypto.dir/psa_crypto_slot_management.c.obj
[92/1514] Building C object esp-idf/mbedtls/mbedtls/library/CMakeFiles/mbedcrypto.dir/psa_crypto_storage.c.obj
[93/1514] Building C object esp-idf/mbedtls/mbedtls/library/CMakeFiles/mbedcrypto.dir/psa_its_file.c.obj
[94/1514] Building C object esp-idf/mbedtls/mbedtls/library/CMakeFiles/mbedcrypto.dir/psa_util.c.obj
[95/1514] Building C object esp-idf/mbedtls/mbedtls/library/CMakeFiles/mbedcrypto.dir/ripemd160.c.obj
[96/1514] Building C object esp-idf/mbedtls/mbedtls/library/CMakeFiles/mbedcrypto.dir/rsa_alt_helpers.c.obj
[97/1514] Building C object esp-idf/mbedtls/mbedtls/library/CMakeFiles/mbedcrypto.dir/sha1.c.obj
[98/1514] Building C object esp-idf/mbedtls/mbedtls/library/CMakeFiles/mbedcrypto.dir/sha256.c.obj
[99/1514] Building C object esp-idf/mbedtls/mbedtls/library/CMakeFiles/mbedcrypto.dir/psa_crypto.c.obj
[100/1514] Building C object esp-idf/mbedtls/mbedtls/library/CMakeFiles/mbedcrypto.dir/sha3.c.obj
[101/1514] Building C object esp-idf/mbedtls/mbedtls/library/CMakeFiles/mbedcrypto.dir/sha512.c.obj
[102/1514] Building C object esp-idf/mbedtls/mbedtls/library/CMakeFiles/mbedcrypto.dir/timing.c.obj
[103/1514] Building C object esp-idf/mbedtls/mbedtls/library/CMakeFiles/mbedcrypto.dir/threading.c.obj
[104/1514] Building C object esp-idf/mbedtls/mbedtls/library/CMakeFiles/mbedcrypto.dir/rsa.c.obj
[105/1514] Building C object esp-idf/mbedtls/mbedtls/library/CMakeFiles/mbedcrypto.dir/version_features.c.obj
[106/1514] Building C object esp-idf/mbedtls/mbedtls/library/CMakeFiles/mbedcrypto.dir/version.c.obj
[107/1514] Building C object esp-idf/mbedtls/mbedtls/library/CMakeFiles/mbedcrypto.dir/home/shanmukh/esp/esp-idf/components/mbedtls/port/sha/core/esp_sha_gdma_impl.c.obj
[108/1514] Building C object esp-idf/mbedtls/mbedtls/library/CMakeFiles/mbedcrypto.dir/home/shanmukh/esp/esp-idf/components/mbedtls/port/aes/dma/esp_aes_gdma_impl.c.obj
[109/1514] Building C object esp-idf/mbedtls/mbedtls/library/CMakeFiles/mbedcrypto.dir/home/shanmukh/esp/esp-idf/components/mbedtls/port/esp_hardware.c.obj
[110/1514] Building C object esp-idf/mbedtls/mbedtls/library/CMakeFiles/mbedcrypto.dir/home/shanmukh/esp/esp-idf/components/mbedtls/port/esp_mem.c.obj
[111/1514] Building C object esp-idf/mbedtls/mbedtls/library/CMakeFiles/mbedcrypto.dir/home/shanmukh/esp/esp-idf/components/mbedtls/port/crypto_shared_gdma/esp_crypto_shared_gdma.c.obj
[112/1514] Building C object esp-idf/mbedtls/mbedtls/library/CMakeFiles/mbedcrypto.dir/home/shanmukh/esp/esp-idf/components/mbedtls/port/esp_timing.c.obj
[113/1514] Building C object esp-idf/mbedtls/mbedtls/library/CMakeFiles/mbedcrypto.dir/home/shanmukh/esp/esp-idf/components/mbedtls/port/aes/dma/esp_aes_dma_core.c.obj
[114/1514] Building C object esp-idf/mbedtls/mbedtls/library/CMakeFiles/mbedcrypto.dir/home/shanmukh/esp/esp-idf/components/mbedtls/port/aes/esp_aes_xts.c.obj
[115/1514] Building C object esp-idf/mbedtls/mbedtls/library/CMakeFiles/mbedcrypto.dir/home/shanmukh/esp/esp-idf/components/mbedtls/port/aes/esp_aes_common.c.obj
[116/1514] Building C object esp-idf/mbedtls/mbedtls/library/CMakeFiles/mbedcrypto.dir/home/shanmukh/esp/esp-idf/components/mbedtls/port/sha/esp_sha.c.obj
[117/1514] Building C object esp-idf/mbedtls/mbedtls/library/CMakeFiles/mbedcrypto.dir/home/shanmukh/esp/esp-idf/components/mbedtls/port/aes/dma/esp_aes.c.obj
[118/1514] Building C object esp-idf/mbedtls/mbedtls/library/CMakeFiles/mbedcrypto.dir/home/shanmukh/esp/esp-idf/components/mbedtls/port/sha/core/sha.c.obj
[119/1514] Building C object esp-idf/mbedtls/mbedtls/library/CMakeFiles/mbedcrypto.dir/home/shanmukh/esp/esp-idf/components/mbedtls/port/esp_ds/esp_rsa_dec_alt.c.obj
[120/1514] Building C object esp-idf/mbedtls/mbedtls/library/CMakeFiles/mbedcrypto.dir/home/shanmukh/esp/esp-idf/components/mbedtls/port/esp_ds/esp_rsa_sign_alt.c.obj
[121/1514] Building C object esp-idf/mbedtls/mbedtls/library/CMakeFiles/mbedcrypto.dir/home/shanmukh/esp/esp-idf/components/mbedtls/port/esp_ds/esp_ds_common.c.obj
[122/1514] Building C object esp-idf/mbedtls/mbedtls/library/CMakeFiles/mbedcrypto.dir/home/shanmukh/esp/esp-idf/components/mbedtls/port/esp_hmac_pbkdf2.c.obj
[123/1514] Building C object esp-idf/mbedtls/mbedtls/library/CMakeFiles/mbedcrypto.dir/home/shanmukh/esp/esp-idf/components/mbedtls/port/sha/core/esp_sha1.c.obj
[124/1514] Building C object esp-idf/mbedtls/mbedtls/library/CMakeFiles/mbedcrypto.dir/home/shanmukh/esp/esp-idf/components/mbedtls/port/bignum/bignum_alt.c.obj
[125/1514] Building C object esp-idf/mbedtls/mbedtls/library/CMakeFiles/mbedcrypto.dir/home/shanmukh/esp/esp-idf/components/mbedtls/port/bignum/esp_bignum.c.obj
[126/1514] Building C object esp-idf/mbedtls/mbedtls/library/CMakeFiles/mbedcrypto.dir/home/shanmukh/esp/esp-idf/components/mbedtls/port/sha/core/esp_sha256.c.obj
[127/1514] Building C object esp-idf/mbedtls/mbedtls/library/CMakeFiles/mbedcrypto.dir/home/shanmukh/esp/esp-idf/components/mbedtls/port/sha/core/esp_sha512.c.obj
[128/1514] Building C object esp-idf/mbedtls/mbedtls/library/CMakeFiles/mbedcrypto.dir/home/shanmukh/esp/esp-idf/components/mbedtls/port/md/esp_md.c.obj
[129/1514] Building C object esp-idf/mbedtls/mbedtls/library/CMakeFiles/mbedcrypto.dir/home/shanmukh/esp/esp-idf/components/mbedtls/port/aes/esp_aes_gcm.c.obj
[130/1514] Building C object esp-idf/mbedtls/mbedtls/library/CMakeFiles/mbedx509.dir/pkcs7.c.obj
[131/1514] Building C object esp-idf/mbedtls/mbedtls/library/CMakeFiles/mbedx509.dir/x509_create.c.obj
[132/1514] Building C object esp-idf/mbedtls/mbedtls/library/CMakeFiles/mbedx509.dir/x509_crl.c.obj
[133/1514] Building C object esp-idf/mbedtls/mbedtls/library/CMakeFiles/mbedx509.dir/x509.c.obj
[134/1514] Building C object esp-idf/mbedtls/mbedtls/library/CMakeFiles/mbedx509.dir/x509write.c.obj
[135/1514] Building C object esp-idf/mbedtls/mbedtls/library/CMakeFiles/mbedx509.dir/x509_csr.c.obj
[136/1514] Building C object esp-idf/mbedtls/mbedtls/library/CMakeFiles/mbedx509.dir/x509write_csr.c.obj
[137/1514] Building C object esp-idf/mbedtls/mbedtls/library/CMakeFiles/mbedtls.dir/debug.c.obj
[138/1514] Building C object esp-idf/mbedtls/mbedtls/library/CMakeFiles/mbedx509.dir/x509write_crt.c.obj
[139/1514] Building C object esp-idf/mbedtls/mbedtls/library/CMakeFiles/mbedtls.dir/mps_reader.c.obj
[140/1514] Building C object esp-idf/mbedtls/mbedtls/library/CMakeFiles/mbedtls.dir/mps_trace.c.obj
[141/1514] Building C object esp-idf/mbedtls/mbedtls/library/CMakeFiles/mbedtls.dir/ssl_ciphersuites.c.obj
[142/1514] Building C object esp-idf/mbedtls/mbedtls/library/CMakeFiles/mbedtls.dir/ssl_cache.c.obj
[143/1514] Building C object esp-idf/mbedtls/mbedtls/library/CMakeFiles/mbedx509.dir/x509_crt.c.obj
[144/1514] Building C object esp-idf/mbedtls/mbedtls/library/CMakeFiles/mbedtls.dir/ssl_debug_helpers_generated.c.obj
[145/1514] Building C object esp-idf/mbedtls/mbedtls/library/CMakeFiles/mbedtls.dir/ssl_cookie.c.obj
[146/1514] Building C object esp-idf/mbedtls/mbedtls/library/CMakeFiles/mbedtls.dir/ssl_client.c.obj
[147/1514] Building C object esp-idf/mbedtls/mbedtls/library/CMakeFiles/mbedtls.dir/ssl_ticket.c.obj
[148/1514] Building C object esp-idf/mbedtls/mbedtls/library/CMakeFiles/mbedtls.dir/ssl_tls12_client.c.obj
[149/1514] Building C object esp-idf/mbedtls/mbedtls/library/CMakeFiles/mbedtls.dir/ssl_msg.c.obj
[150/1514] Building C object esp-idf/mbedtls/mbedtls/library/CMakeFiles/mbedtls.dir/ssl_tls13_keys.c.obj
[151/1514] Building C object esp-idf/mbedtls/mbedtls/library/CMakeFiles/mbedtls.dir/ssl_tls13_server.c.obj
[152/1514] Building C object esp-idf/mbedtls/mbedtls/library/CMakeFiles/mbedtls.dir/ssl_tls13_client.c.obj
[153/1514] Building C object esp-idf/mbedtls/mbedtls/library/CMakeFiles/mbedtls.dir/ssl_tls13_generic.c.obj
[154/1514] Building C object esp-idf/mbedtls/mbedtls/library/CMakeFiles/mbedtls.dir/ssl_tls.c.obj
[155/1514] Building C object esp-idf/mbedtls/mbedtls/library/CMakeFiles/mbedtls.dir/home/shanmukh/esp/esp-idf/components/mbedtls/port/esp_platform_time.c.obj
[156/1514] Building C object esp-idf/mbedtls/mbedtls/library/CMakeFiles/mbedtls.dir/home/shanmukh/esp/esp-idf/components/mbedtls/port/mbedtls_debug.c.obj
[157/1514] Creating directories for 'bootloader'
[158/1514] No download step for 'bootloader'
[159/1514] No update step for 'bootloader'
[160/1514] No patch step for 'bootloader'
[161/1514] Building C object esp-idf/mbedtls/mbedtls/library/CMakeFiles/mbedtls.dir/ssl_tls12_server.c.obj
[162/1514] Building C object esp-idf/mbedtls/mbedtls/library/CMakeFiles/mbedtls.dir/home/shanmukh/esp/esp-idf/components/mbedtls/port/net_sockets.c.obj
[163/1514] Building C object esp-idf/esp_bootloader_format/CMakeFiles/__idf_esp_bootloader_format.dir/esp_bootloader_desc.c.obj
[164/1514] Building C object esp-idf/esp_app_format/CMakeFiles/__idf_esp_app_format.dir/esp_app_desc.c.obj
[165/1514] Building C object esp-idf/app_update/CMakeFiles/__idf_app_update.dir/esp_ota_app_desc.c.obj
[166/1514] Building C object esp-idf/esp_partition/CMakeFiles/__idf_esp_partition.dir/partition.c.obj
[167/1514] Building C object esp-idf/app_update/CMakeFiles/__idf_app_update.dir/esp_ota_ops.c.obj
[168/1514] Building C object esp-idf/esp_partition/CMakeFiles/__idf_esp_partition.dir/partition_target.c.obj
[169/1514] Building C object esp-idf/efuse/CMakeFiles/__idf_efuse.dir/esp32s3/esp_efuse_table.c.obj
[170/1514] Building C object esp-idf/efuse/CMakeFiles/__idf_efuse.dir/esp32s3/esp_efuse_fields.c.obj
[171/1514] Building C object esp-idf/efuse/CMakeFiles/__idf_efuse.dir/esp32s3/esp_efuse_rtc_calib.c.obj
[172/1514] Building C object esp-idf/efuse/CMakeFiles/__idf_efuse.dir/esp32s3/esp_efuse_utility.c.obj
[173/1514] Building C object esp-idf/efuse/CMakeFiles/__idf_efuse.dir/src/esp_efuse_api.c.obj
[174/1514] Building C object esp-idf/efuse/CMakeFiles/__idf_efuse.dir/src/esp_efuse_fields.c.obj
[175/1514] Building C object esp-idf/efuse/CMakeFiles/__idf_efuse.dir/src/efuse_controller/keys/with_key_purposes/esp_efuse_api_key.c.obj
[176/1514] Building C object esp-idf/efuse/CMakeFiles/__idf_efuse.dir/src/esp_efuse_utility.c.obj
[177/1514] Building C object esp-idf/efuse/CMakeFiles/__idf_efuse.dir/src/esp_efuse_startup.c.obj
[178/1514] Building C object esp-idf/bootloader_support/CMakeFiles/__idf_bootloader_support.dir/src/bootloader_common.c.obj
[179/1514] Building C object esp-idf/bootloader_support/CMakeFiles/__idf_bootloader_support.dir/src/bootloader_common_loader.c.obj
[180/1514] Building C object esp-idf/bootloader_support/CMakeFiles/__idf_bootloader_support.dir/src/bootloader_clock_init.c.obj
[181/1514] Building C object esp-idf/bootloader_support/CMakeFiles/__idf_bootloader_support.dir/src/bootloader_mem.c.obj
[182/1514] Building C object esp-idf/bootloader_support/CMakeFiles/__idf_bootloader_support.dir/src/bootloader_random.c.obj
[183/1514] Building C object esp-idf/bootloader_support/CMakeFiles/__idf_bootloader_support.dir/src/bootloader_efuse.c.obj
[184/1514] Building C object esp-idf/bootloader_support/CMakeFiles/__idf_bootloader_support.dir/src/secure_boot.c.obj
[185/1514] Building C object esp-idf/bootloader_support/CMakeFiles/__idf_bootloader_support.dir/src/bootloader_random_esp32s3.c.obj
[186/1514] Building C object esp-idf/bootloader_support/CMakeFiles/__idf_bootloader_support.dir/src/flash_encrypt.c.obj
[187/1514] Performing configure step for 'bootloader'
-- Found Git: /usr/bin/git (found version "2.43.0") 
-- Minimal build - OFF
-- The C compiler identification is GNU 14.2.0
-- The CXX compiler identification is GNU 14.2.0
-- The ASM compiler identification is GNU
-- Found assembler: /home/shanmukh/.espressif/tools/xtensa-esp-elf/esp-14.2.0_20251107/xtensa-esp-elf/bin/xtensa-esp32s3-elf-gcc
-- Detecting C compiler ABI info
-- Detecting C compiler ABI info - done
-- Check for working C compiler: /home/shanmukh/.espressif/tools/xtensa-esp-elf/esp-14.2.0_20251107/xtensa-esp-elf/bin/xtensa-esp32s3-elf-gcc - skipped
-- Detecting C compile features
-- Detecting C compile features - done
-- Detecting CXX compiler ABI info
-- Detecting CXX compiler ABI info - done
-- Check for working CXX compiler: /home/shanmukh/.espressif/tools/xtensa-esp-elf/esp-14.2.0_20251107/xtensa-esp-elf/bin/xtensa-esp32s3-elf-g++ - skipped
-- Detecting CXX compile features
-- Detecting CXX compile features - done
-- Building ESP-IDF components for target esp32s3
-- ESP-TEE is currently supported only on the esp32c6;esp32h2;esp32c5 SoCs
-- Project sdkconfig file /home/shanmukh/OSBuild/ports/esp32/build-ESP32_GENERIC_S3/sdkconfig
-- Compiler supported targets: xtensa-esp-elf
-- Adding linker script /home/shanmukh/esp/esp-idf/components/soc/esp32s3/ld/esp32s3.peripherals.ld
-- Bootloader project name: "bootloader" version: 1
-- Adding linker script /home/shanmukh/esp/esp-idf/components/esp_rom/esp32s3/ld/esp32s3.rom.ld
-- Adding linker script /home/shanmukh/esp/esp-idf/components/esp_rom/esp32s3/ld/esp32s3.rom.api.ld
-- Adding linker script /home/shanmukh/esp/esp-idf/components/esp_rom/esp32s3/ld/esp32s3.rom.bt_funcs.ld
-- Adding linker script /home/shanmukh/esp/esp-idf/components/esp_rom/esp32s3/ld/esp32s3.rom.libgcc.ld
-- Adding linker script /home/shanmukh/esp/esp-idf/components/esp_rom/esp32s3/ld/esp32s3.rom.wdt.ld
-- Adding linker script /home/shanmukh/esp/esp-idf/components/esp_rom/esp32s3/ld/esp32s3.rom.version.ld
-- Adding linker script /home/shanmukh/esp/esp-idf/components/esp_rom/esp32s3/ld/esp32s3.rom.libc.ld
-- Adding linker script /home/shanmukh/esp/esp-idf/components/esp_rom/esp32s3/ld/esp32s3.rom.newlib.ld
-- Adding linker script /home/shanmukh/esp/esp-idf/components/bootloader/subproject/main/ld/esp32s3/bootloader.rom.ld
-- Components: bootloader bootloader_support efuse esp_app_format esp_bootloader_format esp_common esp_hw_support esp_rom esp_security esp_system esptool_py freertos hal log main micro-ecc newlib partition_table soc spi_flash xtensa
-- Component paths: /home/shanmukh/esp/esp-idf/components/bootloader /home/shanmukh/esp/esp-idf/components/bootloader_support /home/shanmukh/esp/esp-idf/components/efuse /home/shanmukh/esp/esp-idf/components/esp_app_format /home/shanmukh/esp/esp-idf/components/esp_bootloader_format /home/shanmukh/esp/esp-idf/components/esp_common /home/shanmukh/esp/esp-idf/components/esp_hw_support /home/shanmukh/esp/esp-idf/components/esp_rom /home/shanmukh/esp/esp-idf/components/esp_security /home/shanmukh/esp/esp-idf/components/esp_system /home/shanmukh/esp/esp-idf/components/esptool_py /home/shanmukh/esp/esp-idf/components/freertos /home/shanmukh/esp/esp-idf/components/hal /home/shanmukh/esp/esp-idf/components/log /home/shanmukh/esp/esp-idf/components/bootloader/subproject/main /home/shanmukh/esp/esp-idf/components/bootloader/subproject/components/micro-ecc /home/shanmukh/esp/esp-idf/components/newlib /home/shanmukh/esp/esp-idf/components/partition_table /home/shanmukh/esp/esp-idf/components/soc /home/shanmukh/esp/esp-idf/components/spi_flash /home/shanmukh/esp/esp-idf/components/xtensa
-- Adding linker script /home/shanmukh/esp/esp-idf/components/bootloader/subproject/main/ld/esp32s3/bootloader.ld
-- Configuring done (4.5s)
-- Generating done (0.1s)
-- Build files have been written to: /home/shanmukh/OSBuild/ports/esp32/build-ESP32_GENERIC_S3/bootloader
[188/1514] Building C object esp-idf/bootloader_support/CMakeFiles/__idf_bootloader_support.dir/bootloader_flash/src/flash_qio_mode.c.obj
[189/1514] Building C object esp-idf/bootloader_support/CMakeFiles/__idf_bootloader_support.dir/bootloader_flash/src/bootloader_flash.c.obj
[190/1514] Building C object esp-idf/bootloader_support/CMakeFiles/__idf_bootloader_support.dir/bootloader_flash/src/bootloader_flash_config_esp32s3.c.obj
[191/1514] Building C object esp-idf/bootloader_support/CMakeFiles/__idf_bootloader_support.dir/src/flash_partitions.c.obj
[192/1514] Building C object esp-idf/bootloader_support/CMakeFiles/__idf_bootloader_support.dir/src/bootloader_utility.c.obj
[193/1514] Building C object esp-idf/bootloader_support/CMakeFiles/__idf_bootloader_support.dir/src/esp_image_format.c.obj
[194/1514] Building C object esp-idf/bootloader_support/CMakeFiles/__idf_bootloader_support.dir/src/bootloader_sha.c.obj
[195/1514] Building C object esp-idf/bootloader_support/CMakeFiles/__idf_bootloader_support.dir/src/esp32s3/secure_boot_secure_features.c.obj
[196/1514] Building C object esp-idf/esp_mm/CMakeFiles/__idf_esp_mm.dir/port/esp32s3/ext_mem_layout.c.obj
[197/1514] Building C object esp-idf/esp_mm/CMakeFiles/__idf_esp_mm.dir/esp_cache_msync.c.obj
[198/1514] Building C object esp-idf/esp_mm/CMakeFiles/__idf_esp_mm.dir/esp_mmu_map.c.obj
[199/1514] Building C object esp-idf/esp_mm/CMakeFiles/__idf_esp_mm.dir/heap_align_hw.c.obj
[200/1514] Building C object esp-idf/esp_mm/CMakeFiles/__idf_esp_mm.dir/esp_cache_utils.c.obj
[201/1514] Building C object esp-idf/spi_flash/CMakeFiles/__idf_spi_flash.dir/flash_brownout_hook.c.obj
[202/1514] Building C object esp-idf/spi_flash/CMakeFiles/__idf_spi_flash.dir/esp32s3/spi_flash_oct_flash_init.c.obj
[203/1514] Building C object esp-idf/spi_flash/CMakeFiles/__idf_spi_flash.dir/spi_flash_hpm_enable.c.obj
[204/1514] Building C object esp-idf/spi_flash/CMakeFiles/__idf_spi_flash.dir/spi_flash_chip_drivers.c.obj
[205/1514] Building C object esp-idf/spi_flash/CMakeFiles/__idf_spi_flash.dir/spi_flash_chip_issi.c.obj
[206/1514] Building C object esp-idf/spi_flash/CMakeFiles/__idf_spi_flash.dir/spi_flash_chip_mxic.c.obj
[207/1514] Building C object esp-idf/spi_flash/CMakeFiles/__idf_spi_flash.dir/spi_flash_chip_generic.c.obj
[208/1514] Building C object esp-idf/spi_flash/CMakeFiles/__idf_spi_flash.dir/spi_flash_chip_gd.c.obj
[209/1514] Building C object esp-idf/spi_flash/CMakeFiles/__idf_spi_flash.dir/spi_flash_chip_boya.c.obj
[210/1514] Building C object esp-idf/spi_flash/CMakeFiles/__idf_spi_flash.dir/spi_flash_chip_winbond.c.obj
[211/1514] Building C object esp-idf/spi_flash/CMakeFiles/__idf_spi_flash.dir/spi_flash_chip_th.c.obj
[212/1514] Building C object esp-idf/spi_flash/CMakeFiles/__idf_spi_flash.dir/spi_flash_chip_mxic_opi.c.obj
[213/1514] Building C object esp-idf/spi_flash/CMakeFiles/__idf_spi_flash.dir/memspi_host_driver.c.obj
[214/1514] Building C object esp-idf/spi_flash/CMakeFiles/__idf_spi_flash.dir/cache_utils.c.obj
[215/1514] Building C object esp-idf/spi_flash/CMakeFiles/__idf_spi_flash.dir/flash_mmap.c.obj
[216/1514] Building C object esp-idf/spi_flash/CMakeFiles/__idf_spi_flash.dir/spi_flash_wrap.c.obj
[217/1514] Building C object esp-idf/spi_flash/CMakeFiles/__idf_spi_flash.dir/flash_ops.c.obj
[218/1514] Building C object esp-idf/spi_flash/CMakeFiles/__idf_spi_flash.dir/esp_flash_spi_init.c.obj
[219/1514] Building C object esp-idf/spi_flash/CMakeFiles/__idf_spi_flash.dir/esp_flash_api.c.obj
[220/1514] Building C object esp-idf/spi_flash/CMakeFiles/__idf_spi_flash.dir/spi_flash_os_func_noos.c.obj
[221/1514] Building C object esp-idf/esp_system/CMakeFiles/__idf_esp_system.dir/esp_err.c.obj
[222/1514] Building C object esp-idf/spi_flash/CMakeFiles/__idf_spi_flash.dir/spi_flash_os_func_app.c.obj
[223/1514] Building C object esp-idf/esp_system/CMakeFiles/__idf_esp_system.dir/crosscore_int.c.obj
[224/1514] Building C object esp-idf/esp_system/CMakeFiles/__idf_esp_system.dir/esp_ipc.c.obj
[225/1514] Building C object esp-idf/esp_system/CMakeFiles/__idf_esp_system.dir/esp_system_console.c.obj
[226/1514] Building C object esp-idf/esp_system/CMakeFiles/__idf_esp_system.dir/freertos_hooks.c.obj
[227/1514] Building C object esp-idf/esp_system/CMakeFiles/__idf_esp_system.dir/int_wdt.c.obj
[228/1514] Building C object esp-idf/esp_system/CMakeFiles/__idf_esp_system.dir/esp_system.c.obj
[229/1514] Building C object esp-idf/esp_system/CMakeFiles/__idf_esp_system.dir/startup.c.obj
[230/1514] Building C object esp-idf/esp_system/CMakeFiles/__idf_esp_system.dir/panic.c.obj
[231/1514] Building C object esp-idf/esp_system/CMakeFiles/__idf_esp_system.dir/system_time.c.obj
[232/1514] Building C object esp-idf/esp_system/CMakeFiles/__idf_esp_system.dir/stack_check.c.obj
[233/1514] Building C object esp-idf/esp_system/CMakeFiles/__idf_esp_system.dir/startup_funcs.c.obj
[234/1514] Building C object esp-idf/esp_system/CMakeFiles/__idf_esp_system.dir/ubsan.c.obj
[235/1514] Building C object esp-idf/esp_system/CMakeFiles/__idf_esp_system.dir/xt_wdt.c.obj
[236/1514] Building C object esp-idf/esp_system/CMakeFiles/__idf_esp_system.dir/task_wdt/task_wdt_impl_timergroup.c.obj
[237/1514] Building C object esp-idf/esp_system/CMakeFiles/__idf_esp_system.dir/task_wdt/task_wdt.c.obj
[238/1514] Building C object esp-idf/esp_system/CMakeFiles/__idf_esp_system.dir/port/panic_handler.c.obj
[239/1514] Performing build step for 'bootloader'
[1/123] Generating project_elf_src_esp32s3.c
[2/123] Building C object esp-idf/xtensa/CMakeFiles/__idf_xtensa.dir/eri.c.obj
[3/123] Building C object CMakeFiles/bootloader.elf.dir/project_elf_src_esp32s3.c.obj
[4/123] Building C object esp-idf/xtensa/CMakeFiles/__idf_xtensa.dir/xt_trax.c.obj
[5/123] Building C object esp-idf/soc/CMakeFiles/__idf_soc.dir/esp32s3/interrupts.c.obj
[6/123] Building C object esp-idf/soc/CMakeFiles/__idf_soc.dir/dport_access_common.c.obj
[7/123] Building C object esp-idf/soc/CMakeFiles/__idf_soc.dir/lldesc.c.obj
[8/123] Building C object esp-idf/soc/CMakeFiles/__idf_soc.dir/esp32s3/gpio_periph.c.obj
[9/123] Building C object esp-idf/soc/CMakeFiles/__idf_soc.dir/esp32s3/adc_periph.c.obj
[10/123] Building C object esp-idf/soc/CMakeFiles/__idf_soc.dir/esp32s3/uart_periph.c.obj
[11/123] Building C object esp-idf/soc/CMakeFiles/__idf_soc.dir/esp32s3/gdma_periph.c.obj
[12/123] Building C object esp-idf/soc/CMakeFiles/__idf_soc.dir/esp32s3/dedic_gpio_periph.c.obj
[13/123] Building C object esp-idf/soc/CMakeFiles/__idf_soc.dir/esp32s3/spi_periph.c.obj
[14/123] Building C object esp-idf/soc/CMakeFiles/__idf_soc.dir/esp32s3/pcnt_periph.c.obj
[15/123] Building C object esp-idf/soc/CMakeFiles/__idf_soc.dir/esp32s3/ledc_periph.c.obj
[16/123] Building C object esp-idf/soc/CMakeFiles/__idf_soc.dir/esp32s3/rmt_periph.c.obj
[17/123] Building C object esp-idf/soc/CMakeFiles/__idf_soc.dir/esp32s3/sdm_periph.c.obj
[18/123] Building C object esp-idf/soc/CMakeFiles/__idf_soc.dir/esp32s3/i2c_periph.c.obj
[19/123] Building C object esp-idf/soc/CMakeFiles/__idf_soc.dir/esp32s3/temperature_sensor_periph.c.obj
[20/123] Building C object esp-idf/soc/CMakeFiles/__idf_soc.dir/esp32s3/i2s_periph.c.obj
[21/123] Building C object esp-idf/soc/CMakeFiles/__idf_soc.dir/esp32s3/lcd_periph.c.obj
[22/123] Building C object esp-idf/soc/CMakeFiles/__idf_soc.dir/esp32s3/timer_periph.c.obj
[23/123] Building C object esp-idf/soc/CMakeFiles/__idf_soc.dir/esp32s3/mcpwm_periph.c.obj
[24/123] Building C object esp-idf/soc/CMakeFiles/__idf_soc.dir/esp32s3/touch_sensor_periph.c.obj
[25/123] Building C object esp-idf/soc/CMakeFiles/__idf_soc.dir/esp32s3/mpi_periph.c.obj
[26/123] Building C object esp-idf/soc/CMakeFiles/__idf_soc.dir/esp32s3/sdmmc_periph.c.obj
[27/123] Building C object esp-idf/soc/CMakeFiles/__idf_soc.dir/esp32s3/twai_periph.c.obj
[28/123] Building C object esp-idf/soc/CMakeFiles/__idf_soc.dir/esp32s3/usb_dwc_periph.c.obj
[29/123] Building C object esp-idf/soc/CMakeFiles/__idf_soc.dir/esp32s3/wdt_periph.c.obj
[30/123] Building C object esp-idf/soc/CMakeFiles/__idf_soc.dir/esp32s3/rtc_io_periph.c.obj
[31/123] Building C object esp-idf/soc/CMakeFiles/__idf_soc.dir/esp32s3/power_supply_periph.c.obj
[32/123] Building C object esp-idf/soc/CMakeFiles/__idf_soc.dir/esp32s3/cam_periph.c.obj
[33/123] Building C object esp-idf/hal/CMakeFiles/__idf_hal.dir/mpu_hal.c.obj
[34/123] Building C object esp-idf/hal/CMakeFiles/__idf_hal.dir/hal_utils.c.obj
[35/123] Building C object esp-idf/hal/CMakeFiles/__idf_hal.dir/esp32s3/efuse_hal.c.obj
[36/123] Building C object esp-idf/hal/CMakeFiles/__idf_hal.dir/efuse_hal.c.obj
[37/123] Building C object esp-idf/hal/CMakeFiles/__idf_hal.dir/mmu_hal.c.obj
[38/123] Building C object esp-idf/hal/CMakeFiles/__idf_hal.dir/cache_hal.c.obj
[39/123] Building C object esp-idf/esp_bootloader_format/CMakeFiles/__idf_esp_bootloader_format.dir/esp_bootloader_desc.c.obj
[40/123] Building C object esp-idf/spi_flash/CMakeFiles/__idf_spi_flash.dir/spi_flash_wrap.c.obj
[41/123] Building C object esp-idf/bootloader_support/CMakeFiles/__idf_bootloader_support.dir/src/bootloader_common.c.obj
[42/123] Building C object esp-idf/bootloader_support/CMakeFiles/__idf_bootloader_support.dir/src/bootloader_common_loader.c.obj
[43/123] Building C object esp-idf/bootloader_support/CMakeFiles/__idf_bootloader_support.dir/src/bootloader_clock_init.c.obj
[44/123] Building C object esp-idf/bootloader_support/CMakeFiles/__idf_bootloader_support.dir/src/bootloader_mem.c.obj
[45/123] Building C object esp-idf/bootloader_support/CMakeFiles/__idf_bootloader_support.dir/src/bootloader_random.c.obj
[46/123] Building C object esp-idf/bootloader_support/CMakeFiles/__idf_bootloader_support.dir/src/bootloader_efuse.c.obj
[47/123] Building C object esp-idf/bootloader_support/CMakeFiles/__idf_bootloader_support.dir/src/secure_boot.c.obj
[48/123] Building C object esp-idf/bootloader_support/CMakeFiles/__idf_bootloader_support.dir/src/flash_encrypt.c.obj
[49/123] Building C object esp-idf/bootloader_support/CMakeFiles/__idf_bootloader_support.dir/src/bootloader_random_esp32s3.c.obj
[50/123] Building C object esp-idf/micro-ecc/CMakeFiles/__idf_micro-ecc.dir/uECC_verify_antifault.c.obj
[51/123] Building C object esp-idf/bootloader_support/CMakeFiles/__idf_bootloader_support.dir/bootloader_flash/src/flash_qio_mode.c.obj
[52/123] Building C object esp-idf/bootloader_support/CMakeFiles/__idf_bootloader_support.dir/bootloader_flash/src/bootloader_flash_config_esp32s3.c.obj
[53/123] Building C object esp-idf/bootloader_support/CMakeFiles/__idf_bootloader_support.dir/src/flash_partitions.c.obj
[54/123] Building C object esp-idf/bootloader_support/CMakeFiles/__idf_bootloader_support.dir/src/bootloader_utility.c.obj
[55/123] Building C object esp-idf/bootloader_support/CMakeFiles/__idf_bootloader_support.dir/bootloader_flash/src/bootloader_flash.c.obj
[56/123] Building C object esp-idf/bootloader_support/CMakeFiles/__idf_bootloader_support.dir/src/bootloader_sha.c.obj
[57/123] Building C object esp-idf/bootloader_support/CMakeFiles/__idf_bootloader_support.dir/src/bootloader_clock_loader.c.obj
[58/123] Building C object esp-idf/bootloader_support/CMakeFiles/__idf_bootloader_support.dir/src/esp_image_format.c.obj
[59/123] Building C object esp-idf/bootloader_support/CMakeFiles/__idf_bootloader_support.dir/src/bootloader_console.c.obj
[60/123] Building C object esp-idf/bootloader_support/CMakeFiles/__idf_bootloader_support.dir/src/bootloader_init.c.obj
[61/123] Building C object esp-idf/bootloader_support/CMakeFiles/__idf_bootloader_support.dir/src/bootloader_console_loader.c.obj
[62/123] Building C object esp-idf/bootloader_support/CMakeFiles/__idf_bootloader_support.dir/src/esp32s3/bootloader_soc.c.obj
[63/123] Building C object esp-idf/efuse/CMakeFiles/__idf_efuse.dir/esp32s3/esp_efuse_table.c.obj
[64/123] Building C object esp-idf/bootloader_support/CMakeFiles/__idf_bootloader_support.dir/src/bootloader_panic.c.obj
[65/123] Building C object esp-idf/efuse/CMakeFiles/__idf_efuse.dir/esp32s3/esp_efuse_fields.c.obj
[66/123] Building C object esp-idf/efuse/CMakeFiles/__idf_efuse.dir/esp32s3/esp_efuse_rtc_calib.c.obj
[67/123] Building C object esp-idf/efuse/CMakeFiles/__idf_efuse.dir/esp32s3/esp_efuse_utility.c.obj
[68/123] Building C object esp-idf/efuse/CMakeFiles/__idf_efuse.dir/src/esp_efuse_fields.c.obj
[69/123] Building C object esp-idf/bootloader_support/CMakeFiles/__idf_bootloader_support.dir/src/esp32s3/bootloader_esp32s3.c.obj
[70/123] Building C object esp-idf/efuse/CMakeFiles/__idf_efuse.dir/src/esp_efuse_api.c.obj
[71/123] Building C object esp-idf/esp_system/CMakeFiles/__idf_esp_system.dir/esp_err.c.obj
[72/123] Building C object esp-idf/efuse/CMakeFiles/__idf_efuse.dir/src/efuse_controller/keys/with_key_purposes/esp_efuse_api_key.c.obj
[73/123] Building C object esp-idf/efuse/CMakeFiles/__idf_efuse.dir/src/esp_efuse_utility.c.obj
[74/123] Building C object esp-idf/esp_hw_support/CMakeFiles/__idf_esp_hw_support.dir/port/esp32s3/esp_cpu_intr.c.obj
[75/123] Building C object esp-idf/esp_hw_support/CMakeFiles/__idf_esp_hw_support.dir/esp_memory_utils.c.obj
[76/123] Building C object esp-idf/esp_hw_support/CMakeFiles/__idf_esp_hw_support.dir/cpu.c.obj
[77/123] Building C object esp-idf/esp_hw_support/CMakeFiles/__idf_esp_hw_support.dir/port/esp32s3/cpu_region_protect.c.obj
[78/123] Building C object esp-idf/esp_hw_support/CMakeFiles/__idf_esp_hw_support.dir/port/esp32s3/rtc_clk_init.c.obj
[79/123] Building C object esp-idf/esp_hw_support/CMakeFiles/__idf_esp_hw_support.dir/port/esp32s3/rtc_init.c.obj
[80/123] Building C object esp-idf/esp_hw_support/CMakeFiles/__idf_esp_hw_support.dir/port/esp32s3/rtc_sleep.c.obj
[81/123] Building C object esp-idf/esp_hw_support/CMakeFiles/__idf_esp_hw_support.dir/port/esp32s3/rtc_clk.c.obj
[82/123] Building C object esp-idf/esp_hw_support/CMakeFiles/__idf_esp_hw_support.dir/port/esp32s3/chip_info.c.obj
[83/123] Building C object esp-idf/esp_hw_support/CMakeFiles/__idf_esp_hw_support.dir/port/esp32s3/rtc_time.c.obj
[84/123] Building C object esp-idf/esp_rom/CMakeFiles/__idf_esp_rom.dir/patches/esp_rom_sys.c.obj
[85/123] Building C object esp-idf/esp_common/CMakeFiles/__idf_esp_common.dir/src/esp_err_to_name.c.obj
[86/123] Building C object esp-idf/esp_rom/CMakeFiles/__idf_esp_rom.dir/patches/esp_rom_crc.c.obj
[87/123] Building C object esp-idf/esp_rom/CMakeFiles/__idf_esp_rom.dir/patches/esp_rom_uart.c.obj
[88/123] Building C object esp-idf/esp_rom/CMakeFiles/__idf_esp_rom.dir/patches/esp_rom_spiflash.c.obj
[89/123] Building C object esp-idf/esp_rom/CMakeFiles/__idf_esp_rom.dir/patches/esp_rom_gpio.c.obj
[90/123] Building C object esp-idf/esp_rom/CMakeFiles/__idf_esp_rom.dir/patches/esp_rom_efuse.c.obj
[91/123] Building C object esp-idf/esp_rom/CMakeFiles/__idf_esp_rom.dir/patches/esp_rom_print.c.obj
[92/123] Building ASM object esp-idf/esp_rom/CMakeFiles/__idf_esp_rom.dir/patches/esp_rom_longjmp.S.obj
[93/123] Building C object esp-idf/esp_rom/CMakeFiles/__idf_esp_rom.dir/patches/esp_rom_wdt.c.obj
[94/123] Building ASM object esp-idf/esp_rom/CMakeFiles/__idf_esp_rom.dir/patches/esp_rom_cache_writeback_esp32s3.S.obj
[95/123] Building C object esp-idf/esp_rom/CMakeFiles/__idf_esp_rom.dir/patches/esp_rom_systimer.c.obj
[96/123] Building C object esp-idf/esp_rom/CMakeFiles/__idf_esp_rom.dir/patches/esp_rom_cache_esp32s2_esp32s3.c.obj
[97/123] Building C object esp-idf/log/CMakeFiles/__idf_log.dir/src/noos/log_timestamp.c.obj
[98/123] Building C object esp-idf/log/CMakeFiles/__idf_log.dir/src/log_timestamp_common.c.obj
[99/123] Building C object esp-idf/log/CMakeFiles/__idf_log.dir/src/noos/log_lock.c.obj
[100/123] Building C object esp-idf/log/CMakeFiles/__idf_log.dir/src/noos/util.c.obj
[101/123] Building C object esp-idf/log/CMakeFiles/__idf_log.dir/src/util.c.obj
[102/123] Building C object esp-idf/log/CMakeFiles/__idf_log.dir/src/buffer/log_buffers.c.obj
[103/123] Building C object esp-idf/log/CMakeFiles/__idf_log.dir/src/log_print.c.obj
[104/123] Building C object esp-idf/log/CMakeFiles/__idf_log.dir/src/log.c.obj
[105/123] Building C object esp-idf/log/CMakeFiles/__idf_log.dir/src/log_format_text.c.obj
[106/123] Linking C static library esp-idf/log/liblog.a
[107/123] Building C object esp-idf/main/CMakeFiles/__idf_main.dir/bootloader_start.c.obj
[108/123] Linking C static library esp-idf/esp_rom/libesp_rom.a
[109/123] Linking C static library esp-idf/esp_common/libesp_common.a
[110/123] Linking C static library esp-idf/esp_hw_support/libesp_hw_support.a
[111/123] Linking C static library esp-idf/esp_system/libesp_system.a
[112/123] Linking C static library esp-idf/efuse/libefuse.a
[113/123] Linking C static library esp-idf/bootloader_support/libbootloader_support.a
[114/123] Linking C static library esp-idf/esp_bootloader_format/libesp_bootloader_format.a
[115/123] Linking C static library esp-idf/spi_flash/libspi_flash.a
[116/123] Linking C static library esp-idf/hal/libhal.a
[117/123] Linking C static library esp-idf/micro-ecc/libmicro-ecc.a
[118/123] Linking C static library esp-idf/soc/libsoc.a
[119/123] Linking C static library esp-idf/xtensa/libxtensa.a
[120/123] Linking C static library esp-idf/main/libmain.a
[121/123] Linking C executable bootloader.elf
[122/123] Generating binary image from built executable
esptool.py v4.12.dev2
Creating esp32s3 image...
Merged 2 ELF sections
Successfully created esp32s3 image.
Generated /home/shanmukh/OSBuild/ports/esp32/build-ESP32_GENERIC_S3/bootloader/bootloader.bin
[123/123] cd /home/shanmukh/OSBuild/ports/esp32/build-ESP32_GENERIC_S3/bootloader/esp-idf/esptool_py && /home/shanmukh/.espressif/python_env/idf5.5_py3.12_env/bin/python /home/shanmukh/esp/esp-idf/components/partition_table/check_sizes.py --offset 0x8000 bootloader 0x0 /home/shanmukh/OSBuild/ports/esp32/build-ESP32_GENERIC_S3/bootloader/bootloader.bin
Bootloader binary size 0x4b20 bytes. 0x34e0 bytes (41%) free.
[240/1514] Building C object esp-idf/esp_system/CMakeFiles/__idf_esp_system.dir/port/cpu_start.c.obj
[241/1514] No install step for 'bootloader'
[242/1514] Completed 'bootloader'
[243/1514] Building C object esp-idf/esp_system/CMakeFiles/__idf_esp_system.dir/port/esp_system_chip.c.obj
[244/1514] Building C object esp-idf/esp_system/CMakeFiles/__idf_esp_system.dir/port/image_process.c.obj
[245/1514] Building C object esp-idf/esp_system/CMakeFiles/__idf_esp_system.dir/port/arch/xtensa/esp_ipc_isr_port.c.obj
[246/1514] Building C object esp-idf/esp_system/CMakeFiles/__idf_esp_system.dir/port/esp_ipc_isr.c.obj
[247/1514] Building ASM object esp-idf/esp_system/CMakeFiles/__idf_esp_system.dir/port/arch/xtensa/esp_ipc_isr_routines.S.obj
[248/1514] Building ASM object esp-idf/esp_system/CMakeFiles/__idf_esp_system.dir/port/arch/xtensa/esp_ipc_isr_handler.S.obj
[249/1514] Building ASM object esp-idf/esp_system/CMakeFiles/__idf_esp_system.dir/port/arch/xtensa/panic_handler_asm.S.obj
[250/1514] Building C object esp-idf/esp_system/CMakeFiles/__idf_esp_system.dir/port/arch/xtensa/panic_arch.c.obj
[251/1514] Building ASM object esp-idf/esp_system/CMakeFiles/__idf_esp_system.dir/port/arch/xtensa/expression_with_stack_asm.S.obj
[252/1514] Building C object esp-idf/esp_system/CMakeFiles/__idf_esp_system.dir/port/arch/xtensa/expression_with_stack.c.obj
[253/1514] Building ASM object esp-idf/esp_system/CMakeFiles/__idf_esp_system.dir/port/arch/xtensa/debug_helpers_asm.S.obj
[254/1514] Building C object esp-idf/esp_system/CMakeFiles/__idf_esp_system.dir/port/arch/xtensa/debug_stubs.c.obj
[255/1514] Building C object esp-idf/esp_system/CMakeFiles/__idf_esp_system.dir/port/arch/xtensa/debug_helpers.c.obj
[256/1514] Building ASM object esp-idf/esp_system/CMakeFiles/__idf_esp_system.dir/port/soc/esp32s3/highint_hdl.S.obj
[257/1514] Building C object esp-idf/esp_system/CMakeFiles/__idf_esp_system.dir/port/arch/xtensa/trax.c.obj
[258/1514] Building C object esp-idf/esp_system/CMakeFiles/__idf_esp_system.dir/port/soc/esp32s3/reset_reason.c.obj
[259/1514] Building C object esp-idf/esp_system/CMakeFiles/__idf_esp_system.dir/port/soc/esp32s3/clk.c.obj
[260/1514] Building C object esp-idf/esp_system/CMakeFiles/__idf_esp_system.dir/port/soc/esp32s3/cache_err_int.c.obj
[261/1514] Building C object esp-idf/esp_system/CMakeFiles/__idf_esp_system.dir/port/soc/esp32s3/system_internal.c.obj
[262/1514] Building C object esp-idf/esp_rom/CMakeFiles/__idf_esp_rom.dir/patches/esp_rom_sys.c.obj
[263/1514] Building C object esp-idf/esp_system/CMakeFiles/__idf_esp_system.dir/port/soc/esp32s3/apb_backup_dma.c.obj
[264/1514] Building C object esp-idf/esp_rom/CMakeFiles/__idf_esp_rom.dir/patches/esp_rom_crc.c.obj
[265/1514] Building C object esp-idf/esp_rom/CMakeFiles/__idf_esp_rom.dir/patches/esp_rom_uart.c.obj
[266/1514] Building C object esp-idf/esp_rom/CMakeFiles/__idf_esp_rom.dir/patches/esp_rom_spiflash.c.obj
[267/1514] Building C object esp-idf/esp_rom/CMakeFiles/__idf_esp_rom.dir/patches/esp_rom_efuse.c.obj
[268/1514] Building C object esp-idf/esp_rom/CMakeFiles/__idf_esp_rom.dir/patches/esp_rom_gpio.c.obj
[269/1514] Building ASM object esp-idf/esp_rom/CMakeFiles/__idf_esp_rom.dir/patches/esp_rom_longjmp.S.obj
[270/1514] Building C object esp-idf/esp_rom/CMakeFiles/__idf_esp_rom.dir/patches/esp_rom_systimer.c.obj
[271/1514] Building C object esp-idf/esp_rom/CMakeFiles/__idf_esp_rom.dir/patches/esp_rom_wdt.c.obj
[272/1514] Building C object esp-idf/esp_rom/CMakeFiles/__idf_esp_rom.dir/patches/esp_rom_cache_esp32s2_esp32s3.c.obj
[273/1514] Building ASM object esp-idf/esp_rom/CMakeFiles/__idf_esp_rom.dir/patches/esp_rom_cache_writeback_esp32s3.S.obj
[274/1514] Building C object esp-idf/esp_rom/CMakeFiles/__idf_esp_rom.dir/patches/esp_rom_print.c.obj
[275/1514] Building C object esp-idf/hal/CMakeFiles/__idf_hal.dir/mpu_hal.c.obj
[276/1514] Building C object esp-idf/hal/CMakeFiles/__idf_hal.dir/hal_utils.c.obj
[277/1514] Building C object esp-idf/hal/CMakeFiles/__idf_hal.dir/efuse_hal.c.obj
[278/1514] Building C object esp-idf/esp_common/CMakeFiles/__idf_esp_common.dir/src/esp_err_to_name.c.obj
[279/1514] Building C object esp-idf/hal/CMakeFiles/__idf_hal.dir/esp32s3/efuse_hal.c.obj
[280/1514] Building C object esp-idf/hal/CMakeFiles/__idf_hal.dir/color_hal.c.obj
[281/1514] Building C object esp-idf/hal/CMakeFiles/__idf_hal.dir/mmu_hal.c.obj
[282/1514] Building C object esp-idf/hal/CMakeFiles/__idf_hal.dir/cache_hal.c.obj
[283/1514] Building C object esp-idf/hal/CMakeFiles/__idf_hal.dir/spi_flash_encrypt_hal_iram.c.obj
[284/1514] Building C object esp-idf/hal/CMakeFiles/__idf_hal.dir/spi_flash_hal.c.obj
[285/1514] Building C object esp-idf/hal/CMakeFiles/__idf_hal.dir/systimer_hal.c.obj
[286/1514] Building C object esp-idf/hal/CMakeFiles/__idf_hal.dir/esp32s3/clk_tree_hal.c.obj
[287/1514] Building C object esp-idf/hal/CMakeFiles/__idf_hal.dir/spi_flash_hal_iram.c.obj
[288/1514] Building C object esp-idf/hal/CMakeFiles/__idf_hal.dir/gpio_hal.c.obj
[289/1514] Building C object esp-idf/hal/CMakeFiles/__idf_hal.dir/uart_hal_iram.c.obj
[290/1514] Building C object esp-idf/hal/CMakeFiles/__idf_hal.dir/timer_hal.c.obj
[291/1514] Building C object esp-idf/hal/CMakeFiles/__idf_hal.dir/rtc_io_hal.c.obj
[292/1514] Building C object esp-idf/hal/CMakeFiles/__idf_hal.dir/uart_hal.c.obj
[293/1514] Building C object esp-idf/hal/CMakeFiles/__idf_hal.dir/ledc_hal.c.obj
[294/1514] Building C object esp-idf/hal/CMakeFiles/__idf_hal.dir/ledc_hal_iram.c.obj
[295/1514] Building C object esp-idf/hal/CMakeFiles/__idf_hal.dir/rmt_hal.c.obj
[296/1514] Building C object esp-idf/hal/CMakeFiles/__idf_hal.dir/i2c_hal_iram.c.obj
[297/1514] Building C object esp-idf/hal/CMakeFiles/__idf_hal.dir/i2c_hal.c.obj
[298/1514] Building C object esp-idf/hal/CMakeFiles/__idf_hal.dir/pcnt_hal.c.obj
[299/1514] Building C object esp-idf/hal/CMakeFiles/__idf_hal.dir/mcpwm_hal.c.obj
[300/1514] Building C object esp-idf/hal/CMakeFiles/__idf_hal.dir/uhci_hal.c.obj
[301/1514] Building C object esp-idf/hal/CMakeFiles/__idf_hal.dir/gdma_hal_top.c.obj
[302/1514] Building C object esp-idf/hal/CMakeFiles/__idf_hal.dir/gdma_hal_ahb_v1.c.obj
[303/1514] Building C object esp-idf/hal/CMakeFiles/__idf_hal.dir/twai_hal_v1.c.obj
[304/1514] Building C object esp-idf/hal/CMakeFiles/__idf_hal.dir/sdm_hal.c.obj
[305/1514] Building C object esp-idf/hal/CMakeFiles/__idf_hal.dir/sdmmc_hal.c.obj
[306/1514] Building C object esp-idf/hal/CMakeFiles/__idf_hal.dir/i2s_hal.c.obj
[307/1514] Building C object esp-idf/hal/CMakeFiles/__idf_hal.dir/adc_oneshot_hal.c.obj
[308/1514] Building C object esp-idf/hal/CMakeFiles/__idf_hal.dir/adc_hal.c.obj
[309/1514] Building C object esp-idf/hal/CMakeFiles/__idf_hal.dir/adc_hal_common.c.obj
[310/1514] Building C object esp-idf/hal/CMakeFiles/__idf_hal.dir/lcd_hal.c.obj
[311/1514] Building C object esp-idf/hal/CMakeFiles/__idf_hal.dir/mpi_hal.c.obj
[312/1514] Building C object esp-idf/hal/CMakeFiles/__idf_hal.dir/sha_hal.c.obj
[313/1514] Building C object esp-idf/hal/CMakeFiles/__idf_hal.dir/aes_hal.c.obj
[314/1514] Building C object esp-idf/hal/CMakeFiles/__idf_hal.dir/brownout_hal.c.obj
[315/1514] Building C object esp-idf/hal/CMakeFiles/__idf_hal.dir/spi_slave_hal.c.obj
[316/1514] Building C object esp-idf/hal/CMakeFiles/__idf_hal.dir/spi_hal.c.obj
[317/1514] Building C object esp-idf/hal/CMakeFiles/__idf_hal.dir/spi_slave_hal_iram.c.obj
[318/1514] Building C object esp-idf/hal/CMakeFiles/__idf_hal.dir/spi_hal_iram.c.obj
[319/1514] Building C object esp-idf/hal/CMakeFiles/__idf_hal.dir/spi_slave_hd_hal.c.obj
[320/1514] Building C object esp-idf/hal/CMakeFiles/__idf_hal.dir/hmac_hal.c.obj
[321/1514] Building C object esp-idf/hal/CMakeFiles/__idf_hal.dir/spi_flash_hal_gpspi.c.obj
[322/1514] Building C object esp-idf/hal/CMakeFiles/__idf_hal.dir/ds_hal.c.obj
[323/1514] Building C object esp-idf/hal/CMakeFiles/__idf_hal.dir/cam_hal.c.obj
[324/1514] Building C object esp-idf/hal/CMakeFiles/__idf_hal.dir/usb_serial_jtag_hal.c.obj
[325/1514] Building C object esp-idf/hal/CMakeFiles/__idf_hal.dir/usb_dwc_hal.c.obj
[326/1514] Building C object esp-idf/hal/CMakeFiles/__idf_hal.dir/usb_wrap_hal.c.obj
[327/1514] Building C object esp-idf/hal/CMakeFiles/__idf_hal.dir/touch_sensor_hal.c.obj
[328/1514] Building C object esp-idf/hal/CMakeFiles/__idf_hal.dir/esp32s3/touch_sensor_hal.c.obj
[329/1514] Building C object esp-idf/hal/CMakeFiles/__idf_hal.dir/xt_wdt_hal.c.obj
[330/1514] Building C object esp-idf/hal/CMakeFiles/__idf_hal.dir/touch_sens_hal.c.obj
[331/1514] Building C object esp-idf/log/CMakeFiles/__idf_log.dir/src/log_timestamp_common.c.obj
[332/1514] Building C object esp-idf/hal/CMakeFiles/__idf_hal.dir/esp32s3/rtc_cntl_hal.c.obj
[333/1514] Building C object esp-idf/log/CMakeFiles/__idf_log.dir/src/os/log_timestamp.c.obj
[334/1514] Building C object esp-idf/log/CMakeFiles/__idf_log.dir/src/os/log_lock.c.obj
[335/1514] Building C object esp-idf/log/CMakeFiles/__idf_log.dir/src/util.c.obj
[336/1514] Building C object esp-idf/log/CMakeFiles/__idf_log.dir/src/os/util.c.obj
[337/1514] Building C object esp-idf/log/CMakeFiles/__idf_log.dir/src/buffer/log_buffers.c.obj
[338/1514] Building C object esp-idf/log/CMakeFiles/__idf_log.dir/src/log_print.c.obj
[339/1514] Building C object esp-idf/log/CMakeFiles/__idf_log.dir/src/log_format_text.c.obj
[340/1514] Building C object esp-idf/log/CMakeFiles/__idf_log.dir/src/log.c.obj
[341/1514] Building C object esp-idf/log/CMakeFiles/__idf_log.dir/src/log_level/log_level.c.obj
[342/1514] Building C object esp-idf/log/CMakeFiles/__idf_log.dir/src/os/log_write.c.obj
[343/1514] Building C object esp-idf/log/CMakeFiles/__idf_log.dir/src/log_level/tag_log_level/tag_log_level.c.obj
[344/1514] Building C object esp-idf/log/CMakeFiles/__idf_log.dir/src/log_level/tag_log_level/linked_list/log_linked_list.c.obj
[345/1514] Building C object esp-idf/log/CMakeFiles/__idf_log.dir/src/log_level/tag_log_level/cache/log_binary_heap.c.obj
[346/1514] Building C object esp-idf/heap/CMakeFiles/__idf_heap.dir/heap_caps_base.c.obj
[347/1514] Building C object esp-idf/heap/CMakeFiles/__idf_heap.dir/heap_caps_init.c.obj
[348/1514] Building C object esp-idf/heap/CMakeFiles/__idf_heap.dir/heap_caps.c.obj
[349/1514] Building C object esp-idf/heap/CMakeFiles/__idf_heap.dir/port/memory_layout_utils.c.obj
[350/1514] Building C object esp-idf/heap/CMakeFiles/__idf_heap.dir/multi_heap.c.obj
[351/1514] Building C object esp-idf/soc/CMakeFiles/__idf_soc.dir/lldesc.c.obj
[352/1514] Building C object esp-idf/heap/CMakeFiles/__idf_heap.dir/port/esp32s3/memory_layout.c.obj
[353/1514] Building C object esp-idf/soc/CMakeFiles/__idf_soc.dir/esp32s3/interrupts.c.obj
[354/1514] Building C object esp-idf/soc/CMakeFiles/__idf_soc.dir/dport_access_common.c.obj
[355/1514] Building C object esp-idf/soc/CMakeFiles/__idf_soc.dir/esp32s3/gpio_periph.c.obj
[356/1514] Building C object esp-idf/soc/CMakeFiles/__idf_soc.dir/esp32s3/uart_periph.c.obj
[357/1514] Building C object esp-idf/soc/CMakeFiles/__idf_soc.dir/esp32s3/adc_periph.c.obj
[358/1514] Building C object esp-idf/soc/CMakeFiles/__idf_soc.dir/esp32s3/gdma_periph.c.obj
[359/1514] Building C object esp-idf/soc/CMakeFiles/__idf_soc.dir/esp32s3/dedic_gpio_periph.c.obj
[360/1514] Building C object esp-idf/soc/CMakeFiles/__idf_soc.dir/esp32s3/ledc_periph.c.obj
[361/1514] Building C object esp-idf/soc/CMakeFiles/__idf_soc.dir/esp32s3/spi_periph.c.obj
[362/1514] Building C object esp-idf/soc/CMakeFiles/__idf_soc.dir/esp32s3/pcnt_periph.c.obj
[363/1514] Building C object esp-idf/soc/CMakeFiles/__idf_soc.dir/esp32s3/rmt_periph.c.obj
[364/1514] Building C object esp-idf/soc/CMakeFiles/__idf_soc.dir/esp32s3/sdm_periph.c.obj
[365/1514] Building C object esp-idf/soc/CMakeFiles/__idf_soc.dir/esp32s3/i2s_periph.c.obj
[366/1514] Building C object esp-idf/soc/CMakeFiles/__idf_soc.dir/esp32s3/i2c_periph.c.obj
[367/1514] Building C object esp-idf/soc/CMakeFiles/__idf_soc.dir/esp32s3/temperature_sensor_periph.c.obj
[368/1514] Building C object esp-idf/soc/CMakeFiles/__idf_soc.dir/esp32s3/timer_periph.c.obj
[369/1514] Building C object esp-idf/soc/CMakeFiles/__idf_soc.dir/esp32s3/lcd_periph.c.obj
[370/1514] Building C object esp-idf/soc/CMakeFiles/__idf_soc.dir/esp32s3/mpi_periph.c.obj
[371/1514] Building C object esp-idf/soc/CMakeFiles/__idf_soc.dir/esp32s3/mcpwm_periph.c.obj
[372/1514] Building C object esp-idf/soc/CMakeFiles/__idf_soc.dir/esp32s3/sdmmc_periph.c.obj
[373/1514] Building C object esp-idf/soc/CMakeFiles/__idf_soc.dir/esp32s3/touch_sensor_periph.c.obj
[374/1514] Building C object esp-idf/soc/CMakeFiles/__idf_soc.dir/esp32s3/twai_periph.c.obj
[375/1514] Building C object esp-idf/soc/CMakeFiles/__idf_soc.dir/esp32s3/wdt_periph.c.obj
[376/1514] Building C object esp-idf/soc/CMakeFiles/__idf_soc.dir/esp32s3/usb_dwc_periph.c.obj
[377/1514] Building C object esp-idf/soc/CMakeFiles/__idf_soc.dir/esp32s3/cam_periph.c.obj
[378/1514] Building C object esp-idf/soc/CMakeFiles/__idf_soc.dir/esp32s3/power_supply_periph.c.obj
[379/1514] Building C object esp-idf/soc/CMakeFiles/__idf_soc.dir/esp32s3/rtc_io_periph.c.obj
[380/1514] Building C object esp-idf/esp_security/CMakeFiles/__idf_esp_security.dir/src/init.c.obj
[381/1514] Building C object esp-idf/heap/CMakeFiles/__idf_heap.dir/tlsf/tlsf.c.obj
[382/1514] Building C object esp-idf/esp_security/CMakeFiles/__idf_esp_security.dir/src/esp_hmac.c.obj
[383/1514] Building C object esp-idf/esp_security/CMakeFiles/__idf_esp_security.dir/src/esp_ds.c.obj
[384/1514] Building C object esp-idf/esp_security/CMakeFiles/__idf_esp_security.dir/src/esp_crypto_lock.c.obj
[385/1514] Building C object esp-idf/esp_hw_support/CMakeFiles/__idf_esp_hw_support.dir/port/esp32s3/esp_cpu_intr.c.obj
[386/1514] Building C object esp-idf/esp_security/CMakeFiles/__idf_esp_security.dir/src/esp_crypto_periph_clk.c.obj
[387/1514] Building C object esp-idf/esp_hw_support/CMakeFiles/__idf_esp_hw_support.dir/cpu.c.obj
[388/1514] Building C object esp-idf/esp_hw_support/CMakeFiles/__idf_esp_hw_support.dir/esp_memory_utils.c.obj
[389/1514] Building C object esp-idf/esp_hw_support/CMakeFiles/__idf_esp_hw_support.dir/port/esp32s3/cpu_region_protect.c.obj
[390/1514] Building C object esp-idf/esp_hw_support/CMakeFiles/__idf_esp_hw_support.dir/hw_random.c.obj
[391/1514] Building C object esp-idf/esp_hw_support/CMakeFiles/__idf_esp_hw_support.dir/clk_ctrl_os.c.obj
[392/1514] Building C object esp-idf/esp_hw_support/CMakeFiles/__idf_esp_hw_support.dir/esp_clk.c.obj
[393/1514] Building C object esp-idf/esp_hw_support/CMakeFiles/__idf_esp_hw_support.dir/intr_alloc.c.obj
[394/1514] Building C object esp-idf/esp_hw_support/CMakeFiles/__idf_esp_hw_support.dir/mac_addr.c.obj
[395/1514] Building C object esp-idf/esp_hw_support/CMakeFiles/__idf_esp_hw_support.dir/periph_ctrl.c.obj
[396/1514] Building C object esp-idf/esp_hw_support/CMakeFiles/__idf_esp_hw_support.dir/revision.c.obj
[397/1514] Building C object esp-idf/esp_hw_support/CMakeFiles/__idf_esp_hw_support.dir/esp_gpio_reserve.c.obj
[398/1514] Building C object esp-idf/esp_hw_support/CMakeFiles/__idf_esp_hw_support.dir/rtc_module.c.obj
[399/1514] Building C object esp-idf/esp_hw_support/CMakeFiles/__idf_esp_hw_support.dir/regi2c_ctrl.c.obj
[400/1514] Building C object esp-idf/esp_hw_support/CMakeFiles/__idf_esp_hw_support.dir/sar_periph_ctrl_common.c.obj
[401/1514] Building C object esp-idf/esp_hw_support/CMakeFiles/__idf_esp_hw_support.dir/port/esp32s3/esp_clk_tree.c.obj
[402/1514] Building C object esp-idf/esp_hw_support/CMakeFiles/__idf_esp_hw_support.dir/port/esp32s3/io_mux.c.obj
[403/1514] Building C object esp-idf/esp_hw_support/CMakeFiles/__idf_esp_hw_support.dir/dma/esp_dma_utils.c.obj
[404/1514] Building C object esp-idf/esp_hw_support/CMakeFiles/__idf_esp_hw_support.dir/clk_utils.c.obj
[405/1514] Building C object esp-idf/esp_hw_support/CMakeFiles/__idf_esp_hw_support.dir/port/esp_clk_tree_common.c.obj
[406/1514] Building C object esp-idf/esp_hw_support/CMakeFiles/__idf_esp_hw_support.dir/spi_bus_lock.c.obj
[407/1514] Building C object esp-idf/esp_hw_support/CMakeFiles/__idf_esp_hw_support.dir/dma/gdma_link.c.obj
[408/1514] Building C object esp-idf/esp_hw_support/CMakeFiles/__idf_esp_hw_support.dir/sleep_modem.c.obj
[409/1514] Building C object esp-idf/esp_hw_support/CMakeFiles/__idf_esp_hw_support.dir/spi_share_hw_ctrl.c.obj
[410/1514] Building C object esp-idf/esp_hw_support/CMakeFiles/__idf_esp_hw_support.dir/adc_share_hw_ctrl.c.obj
[411/1514] Building C object esp-idf/esp_hw_support/CMakeFiles/__idf_esp_hw_support.dir/sleep_mspi.c.obj
[412/1514] Building C object esp-idf/esp_hw_support/CMakeFiles/__idf_esp_hw_support.dir/sleep_console.c.obj
[413/1514] Building C object esp-idf/esp_hw_support/CMakeFiles/__idf_esp_hw_support.dir/sleep_usb.c.obj
[414/1514] Building C object esp-idf/esp_hw_support/CMakeFiles/__idf_esp_hw_support.dir/sleep_event.c.obj
[415/1514] Building C object esp-idf/esp_hw_support/CMakeFiles/__idf_esp_hw_support.dir/sleep_gpio.c.obj
[416/1514] Building C object esp-idf/esp_hw_support/CMakeFiles/__idf_esp_hw_support.dir/deprecated/gdma_legacy.c.obj
[417/1514] Building C object esp-idf/esp_hw_support/CMakeFiles/__idf_esp_hw_support.dir/dma/esp_async_memcpy.c.obj
[418/1514] Building C object esp-idf/esp_hw_support/CMakeFiles/__idf_esp_hw_support.dir/sleep_modes.c.obj
[419/1514] Building C object esp-idf/esp_hw_support/CMakeFiles/__idf_esp_hw_support.dir/port/esp32s3/systimer.c.obj
[420/1514] Building C object esp-idf/esp_hw_support/CMakeFiles/__idf_esp_hw_support.dir/dma/gdma.c.obj
[421/1514] Building C object esp-idf/esp_hw_support/CMakeFiles/__idf_esp_hw_support.dir/dma/async_memcpy_gdma.c.obj
[422/1514] Building C object esp-idf/esp_hw_support/CMakeFiles/__idf_esp_hw_support.dir/sleep_wake_stub.c.obj
[423/1514] Building C object esp-idf/esp_hw_support/CMakeFiles/__idf_esp_hw_support.dir/mspi_timing_tuning/mspi_timing_tuning.c.obj
[424/1514] Building C object esp-idf/esp_hw_support/CMakeFiles/__idf_esp_hw_support.dir/power_supply/brownout.c.obj
[425/1514] Building C object esp-idf/esp_hw_support/CMakeFiles/__idf_esp_hw_support.dir/esp_clock_output.c.obj
[426/1514] Building C object esp-idf/esp_hw_support/CMakeFiles/__idf_esp_hw_support.dir/port/esp32s3/rtc_clk.c.obj
[427/1514] Building C object esp-idf/esp_hw_support/CMakeFiles/__idf_esp_hw_support.dir/port/esp32s3/rtc_clk_init.c.obj
[428/1514] Building C object esp-idf/esp_hw_support/CMakeFiles/__idf_esp_hw_support.dir/port/esp32s3/rtc_sleep.c.obj
[429/1514] Building C object esp-idf/esp_hw_support/CMakeFiles/__idf_esp_hw_support.dir/port/esp32s3/chip_info.c.obj
[430/1514] Building C object esp-idf/esp_hw_support/CMakeFiles/__idf_esp_hw_support.dir/port/esp32s3/rtc_time.c.obj
[431/1514] Building C object esp-idf/esp_hw_support/CMakeFiles/__idf_esp_hw_support.dir/port/esp32s3/rtc_init.c.obj
[432/1514] Building C object esp-idf/esp_hw_support/CMakeFiles/__idf_esp_hw_support.dir/mspi_timing_tuning/port/esp32s3/mspi_timing_config.c.obj
[433/1514] Building C object esp-idf/esp_hw_support/CMakeFiles/__idf_esp_hw_support.dir/lowpower/port/esp32s3/sleep_cpu.c.obj
[434/1514] Building C object esp-idf/esp_hw_support/CMakeFiles/__idf_esp_hw_support.dir/port/esp32s3/sar_periph_ctrl.c.obj
[435/1514] Building C object esp-idf/freertos/CMakeFiles/__idf_freertos.dir/heap_idf.c.obj
[436/1514] Building C object esp-idf/freertos/CMakeFiles/__idf_freertos.dir/app_startup.c.obj
[437/1514] Building C object esp-idf/esp_hw_support/CMakeFiles/__idf_esp_hw_support.dir/mspi_timing_tuning/port/esp32s3/mspi_timing_by_mspi_delay.c.obj
[438/1514] Building C object esp-idf/freertos/CMakeFiles/__idf_freertos.dir/port_common.c.obj
[439/1514] Building C object esp-idf/freertos/CMakeFiles/__idf_freertos.dir/FreeRTOS-Kernel/list.c.obj
[440/1514] Building C object esp-idf/freertos/CMakeFiles/__idf_freertos.dir/port_systick.c.obj
[441/1514] Building C object esp-idf/freertos/CMakeFiles/__idf_freertos.dir/FreeRTOS-Kernel/queue.c.obj
[442/1514] Building C object esp-idf/freertos/CMakeFiles/__idf_freertos.dir/FreeRTOS-Kernel/event_groups.c.obj
[443/1514] Building C object esp-idf/freertos/CMakeFiles/__idf_freertos.dir/FreeRTOS-Kernel/timers.c.obj
[444/1514] Building C object esp-idf/freertos/CMakeFiles/__idf_freertos.dir/FreeRTOS-Kernel/portable/xtensa/port.c.obj
[445/1514] Building ASM object esp-idf/freertos/CMakeFiles/__idf_freertos.dir/FreeRTOS-Kernel/portable/xtensa/portasm.S.obj
[446/1514] Building C object esp-idf/freertos/CMakeFiles/__idf_freertos.dir/FreeRTOS-Kernel/portable/xtensa/xtensa_init.c.obj
[447/1514] Building C object esp-idf/freertos/CMakeFiles/__idf_freertos.dir/FreeRTOS-Kernel/stream_buffer.c.obj
[448/1514] Building C object esp-idf/freertos/CMakeFiles/__idf_freertos.dir/FreeRTOS-Kernel/portable/xtensa/xtensa_overlay_os_hook.c.obj
[449/1514] Building C object esp-idf/freertos/CMakeFiles/__idf_freertos.dir/esp_additions/idf_additions_event_groups.c.obj
[450/1514] Building C object esp-idf/freertos/CMakeFiles/__idf_freertos.dir/esp_additions/freertos_compatibility.c.obj
[451/1514] Building C object esp-idf/freertos/CMakeFiles/__idf_freertos.dir/esp_additions/idf_additions.c.obj
[452/1514] Building C object esp-idf/newlib/CMakeFiles/__idf_newlib.dir/src/abort.c.obj
[453/1514] Building C object esp-idf/newlib/CMakeFiles/__idf_newlib.dir/src/init.c.obj
[454/1514] Building C object esp-idf/newlib/CMakeFiles/__idf_newlib.dir/src/assert.c.obj
[455/1514] Building C object esp-idf/newlib/CMakeFiles/__idf_newlib.dir/src/heap.c.obj
[456/1514] Building C object esp-idf/newlib/CMakeFiles/__idf_newlib.dir/src/poll.c.obj
[457/1514] Building C object esp-idf/freertos/CMakeFiles/__idf_freertos.dir/FreeRTOS-Kernel/tasks.c.obj
[458/1514] Building C object esp-idf/newlib/CMakeFiles/__idf_newlib.dir/src/random.c.obj
[459/1514] Building C object esp-idf/newlib/CMakeFiles/__idf_newlib.dir/src/pthread.c.obj
[460/1514] Building C object esp-idf/newlib/CMakeFiles/__idf_newlib.dir/src/locks.c.obj
[461/1514] Building C object esp-idf/newlib/CMakeFiles/__idf_newlib.dir/src/getentropy.c.obj
[462/1514] Building C object esp-idf/newlib/CMakeFiles/__idf_newlib.dir/src/termios.c.obj
[463/1514] Building C object esp-idf/newlib/CMakeFiles/__idf_newlib.dir/src/sysconf.c.obj
[464/1514] Building C object esp-idf/newlib/CMakeFiles/__idf_newlib.dir/src/time.c.obj
[465/1514] Building C object esp-idf/newlib/CMakeFiles/__idf_newlib.dir/src/realpath.c.obj
[466/1514] Building C object esp-idf/newlib/CMakeFiles/__idf_newlib.dir/src/syscalls.c.obj
[467/1514] Building C object esp-idf/newlib/CMakeFiles/__idf_newlib.dir/src/scandir.c.obj
[468/1514] Building C object esp-idf/newlib/CMakeFiles/__idf_newlib.dir/src/reent_syscalls.c.obj
[469/1514] Building C object esp-idf/newlib/CMakeFiles/__idf_newlib.dir/src/port/esp_time_impl.c.obj
[470/1514] Building C object esp-idf/newlib/CMakeFiles/__idf_newlib.dir/src/flockfile.c.obj
[471/1514] Building C object esp-idf/newlib/CMakeFiles/__idf_newlib.dir/src/reent_init.c.obj
[472/1514] Building C object esp-idf/newlib/CMakeFiles/__idf_newlib.dir/src/port/xtensa/stdatomic_s32c1i.c.obj
[473/1514] Building C object esp-idf/newlib/CMakeFiles/__idf_newlib.dir/src/newlib_init.c.obj
[474/1514] Building C object esp-idf/newlib/CMakeFiles/__idf_newlib.dir/src/stdatomic.c.obj
[475/1514] Building C object esp-idf/pthread/CMakeFiles/__idf_pthread.dir/pthread_cond_var.c.obj
[476/1514] Building C object esp-idf/pthread/CMakeFiles/__idf_pthread.dir/pthread.c.obj
[477/1514] Building C object esp-idf/pthread/CMakeFiles/__idf_pthread.dir/pthread_semaphore.c.obj
[478/1514] Building C object esp-idf/pthread/CMakeFiles/__idf_pthread.dir/pthread_local_storage.c.obj
[479/1514] Building C object esp-idf/pthread/CMakeFiles/__idf_pthread.dir/pthread_rwlock.c.obj
[480/1514] Building CXX object esp-idf/cxx/CMakeFiles/__idf_cxx.dir/cxx_init.cpp.obj
[481/1514] Building CXX object esp-idf/cxx/CMakeFiles/__idf_cxx.dir/cxx_exception_stubs.cpp.obj
[482/1514] Building C object esp-idf/esp_timer/CMakeFiles/__idf_esp_timer.dir/src/esp_timer_init.c.obj
[483/1514] Building C object esp-idf/esp_timer/CMakeFiles/__idf_esp_timer.dir/src/ets_timer_legacy.c.obj
[484/1514] Building C object esp-idf/esp_timer/CMakeFiles/__idf_esp_timer.dir/src/esp_timer.c.obj
[485/1514] Building C object esp-idf/esp_timer/CMakeFiles/__idf_esp_timer.dir/src/system_time.c.obj
[486/1514] Building C object esp-idf/esp_timer/CMakeFiles/__idf_esp_timer.dir/src/esp_timer_impl_common.c.obj
[487/1514] Building C object esp-idf/esp_timer/CMakeFiles/__idf_esp_timer.dir/src/esp_timer_impl_systimer.c.obj
[488/1514] Building CXX object esp-idf/cxx/CMakeFiles/__idf_cxx.dir/cxx_guards.cpp.obj
[489/1514] Building C object esp-idf/esp_driver_gptimer/CMakeFiles/__idf_esp_driver_gptimer.dir/src/gptimer_common.c.obj
[490/1514] Building C object esp-idf/esp_driver_gptimer/CMakeFiles/__idf_esp_driver_gptimer.dir/src/gptimer.c.obj
[491/1514] Building C object esp-idf/esp_driver_uart/CMakeFiles/__idf_esp_driver_uart.dir/src/uart_wakeup.c.obj
[492/1514] Building C object esp-idf/esp_ringbuf/CMakeFiles/__idf_esp_ringbuf.dir/ringbuf.c.obj
[493/1514] Building C object esp-idf/esp_driver_uart/CMakeFiles/__idf_esp_driver_uart.dir/src/uart.c.obj
[494/1514] Building C object esp-idf/esp_driver_uart/CMakeFiles/__idf_esp_driver_uart.dir/src/uhci.c.obj
[495/1514] Building C object esp-idf/app_trace/CMakeFiles/__idf_app_trace.dir/app_trace.c.obj
[496/1514] Building C object esp-idf/app_trace/CMakeFiles/__idf_app_trace.dir/app_trace_util.c.obj
[497/1514] Building C object esp-idf/app_trace/CMakeFiles/__idf_app_trace.dir/host_file_io.c.obj
[498/1514] Building C object esp-idf/app_trace/CMakeFiles/__idf_app_trace.dir/port/port_uart.c.obj
[499/1514] Building C object esp-idf/esp_event/CMakeFiles/__idf_esp_event.dir/default_event_loop.c.obj
[500/1514] Building C object esp-idf/esp_event/CMakeFiles/__idf_esp_event.dir/esp_event_private.c.obj
[501/1514] Building C object esp-idf/esp_driver_uart/CMakeFiles/__idf_esp_driver_uart.dir/src/uart_vfs.c.obj
[502/1514] Building C object esp-idf/esp_event/CMakeFiles/__idf_esp_event.dir/esp_event.c.obj
[503/1514] Building CXX object esp-idf/nvs_flash/CMakeFiles/__idf_nvs_flash.dir/src/nvs_item_hash_list.cpp.obj
[504/1514] Building CXX object esp-idf/nvs_flash/CMakeFiles/__idf_nvs_flash.dir/src/nvs_cxx_api.cpp.obj
[505/1514] Building CXX object esp-idf/nvs_flash/CMakeFiles/__idf_nvs_flash.dir/src/nvs_api.cpp.obj
[506/1514] Building CXX object esp-idf/nvs_flash/CMakeFiles/__idf_nvs_flash.dir/src/nvs_pagemanager.cpp.obj
[507/1514] Building CXX object esp-idf/nvs_flash/CMakeFiles/__idf_nvs_flash.dir/src/nvs_page.cpp.obj
[508/1514] Building CXX object esp-idf/nvs_flash/CMakeFiles/__idf_nvs_flash.dir/src/nvs_handle_simple.cpp.obj
[509/1514] Building CXX object esp-idf/nvs_flash/CMakeFiles/__idf_nvs_flash.dir/src/nvs_partition.cpp.obj
[510/1514] Building CXX object esp-idf/nvs_flash/CMakeFiles/__idf_nvs_flash.dir/src/nvs_storage.cpp.obj
[511/1514] Building CXX object esp-idf/nvs_flash/CMakeFiles/__idf_nvs_flash.dir/src/nvs_partition_lookup.cpp.obj
[512/1514] Building CXX object esp-idf/nvs_flash/CMakeFiles/__idf_nvs_flash.dir/src/nvs_handle_locked.cpp.obj
[513/1514] Building CXX object esp-idf/nvs_flash/CMakeFiles/__idf_nvs_flash.dir/src/nvs_platform.cpp.obj
[514/1514] Building CXX object esp-idf/nvs_flash/CMakeFiles/__idf_nvs_flash.dir/src/nvs_partition_manager.cpp.obj
[515/1514] Building C object esp-idf/nvs_flash/CMakeFiles/__idf_nvs_flash.dir/src/nvs_bootloader.c.obj
[516/1514] Building C object esp-idf/nvs_flash/CMakeFiles/__idf_nvs_flash.dir/src/nvs_bootloader_aes.c.obj
[517/1514] Building C object esp-idf/nvs_flash/CMakeFiles/__idf_nvs_flash.dir/src/nvs_bootloader_xts_aes.c.obj
[518/1514] Building C object esp-idf/esp_phy/CMakeFiles/__idf_esp_phy.dir/src/phy_override.c.obj
[519/1514] Building C object esp-idf/esp_phy/CMakeFiles/__idf_esp_phy.dir/src/lib_printf.c.obj
[520/1514] Building CXX object esp-idf/nvs_flash/CMakeFiles/__idf_nvs_flash.dir/src/nvs_types.cpp.obj
[521/1514] Building C object esp-idf/esp_phy/CMakeFiles/__idf_esp_phy.dir/src/phy_common.c.obj
[522/1514] Building C object esp-idf/esp_phy/CMakeFiles/__idf_esp_phy.dir/esp32s3/phy_init_data.c.obj
[523/1514] Building C object esp-idf/esp_phy/CMakeFiles/__idf_esp_phy.dir/src/phy_init.c.obj
[524/1514] Building C object esp-idf/esp_phy/CMakeFiles/__idf_esp_phy.dir/src/btbb_init.c.obj
[525/1514] Building C object esp-idf/esp_driver_usb_serial_jtag/CMakeFiles/__idf_esp_driver_usb_serial_jtag.dir/src/usb_serial_jtag.c.obj
[526/1514] Building C object esp-idf/esp_driver_usb_serial_jtag/CMakeFiles/__idf_esp_driver_usb_serial_jtag.dir/src/usb_serial_jtag_connection_monitor.c.obj
[527/1514] Building CXX object esp-idf/nvs_flash/CMakeFiles/__idf_nvs_flash.dir/src/nvs_encrypted_partition.cpp.obj
[528/1514] Building C object esp-idf/esp_driver_usb_serial_jtag/CMakeFiles/__idf_esp_driver_usb_serial_jtag.dir/src/usb_serial_jtag_vfs.c.obj
[529/1514] Building C object esp-idf/esp_vfs_console/CMakeFiles/__idf_esp_vfs_console.dir/vfs_console.c.obj
[530/1514] Building C object esp-idf/vfs/CMakeFiles/__idf_vfs.dir/vfs_eventfd.c.obj
[531/1514] Building C object esp-idf/vfs/CMakeFiles/__idf_vfs.dir/vfs_semihost.c.obj
[532/1514] Building C object esp-idf/vfs/CMakeFiles/__idf_vfs.dir/nullfs.c.obj
[533/1514] Building C object esp-idf/lwip/CMakeFiles/__idf_lwip.dir/apps/sntp/sntp.c.obj
[534/1514] Building C object esp-idf/vfs/CMakeFiles/__idf_vfs.dir/vfs.c.obj
[535/1514] Building C object esp-idf/lwip/CMakeFiles/__idf_lwip.dir/lwip/src/api/err.c.obj
[536/1514] Building C object esp-idf/lwip/CMakeFiles/__idf_lwip.dir/lwip/src/api/if_api.c.obj
[537/1514] Building C object esp-idf/lwip/CMakeFiles/__idf_lwip.dir/lwip/src/api/api_lib.c.obj
[538/1514] Building C object esp-idf/lwip/CMakeFiles/__idf_lwip.dir/lwip/src/api/netbuf.c.obj
[539/1514] Building C object esp-idf/lwip/CMakeFiles/__idf_lwip.dir/lwip/src/api/netdb.c.obj
[540/1514] Building C object esp-idf/lwip/CMakeFiles/__idf_lwip.dir/lwip/src/api/api_msg.c.obj
[541/1514] Building C object esp-idf/lwip/CMakeFiles/__idf_lwip.dir/lwip/src/api/netifapi.c.obj
[542/1514] Building C object esp-idf/lwip/CMakeFiles/__idf_lwip.dir/lwip/src/api/tcpip.c.obj
[543/1514] Building C object esp-idf/lwip/CMakeFiles/__idf_lwip.dir/lwip/src/apps/netbiosns/netbiosns.c.obj
[544/1514] Building C object esp-idf/lwip/CMakeFiles/__idf_lwip.dir/lwip/src/apps/sntp/sntp.c.obj
[545/1514] Building C object esp-idf/lwip/CMakeFiles/__idf_lwip.dir/lwip/src/core/def.c.obj
[546/1514] Building C object esp-idf/lwip/CMakeFiles/__idf_lwip.dir/lwip/src/core/dns.c.obj
[547/1514] Building C object esp-idf/lwip/CMakeFiles/__idf_lwip.dir/lwip/src/core/inet_chksum.c.obj
[548/1514] Building C object esp-idf/lwip/CMakeFiles/__idf_lwip.dir/lwip/src/core/init.c.obj
[549/1514] Building C object esp-idf/lwip/CMakeFiles/__idf_lwip.dir/lwip/src/core/ip.c.obj
[550/1514] Building C object esp-idf/lwip/CMakeFiles/__idf_lwip.dir/lwip/src/core/mem.c.obj
[551/1514] Building C object esp-idf/lwip/CMakeFiles/__idf_lwip.dir/lwip/src/api/sockets.c.obj
[552/1514] Building C object esp-idf/lwip/CMakeFiles/__idf_lwip.dir/lwip/src/core/memp.c.obj
[553/1514] Building C object esp-idf/lwip/CMakeFiles/__idf_lwip.dir/lwip/src/core/pbuf.c.obj
[554/1514] Building C object esp-idf/lwip/CMakeFiles/__idf_lwip.dir/lwip/src/core/netif.c.obj
[555/1514] Building C object esp-idf/lwip/CMakeFiles/__idf_lwip.dir/lwip/src/core/stats.c.obj
[556/1514] Building C object esp-idf/lwip/CMakeFiles/__idf_lwip.dir/lwip/src/core/sys.c.obj
[557/1514] Building C object esp-idf/lwip/CMakeFiles/__idf_lwip.dir/lwip/src/core/raw.c.obj
[558/1514] Building C object esp-idf/lwip/CMakeFiles/__idf_lwip.dir/lwip/src/core/tcp.c.obj
[559/1514] Building C object esp-idf/lwip/CMakeFiles/__idf_lwip.dir/lwip/src/core/tcp_out.c.obj
[560/1514] Building C object esp-idf/lwip/CMakeFiles/__idf_lwip.dir/lwip/src/core/timeouts.c.obj
[561/1514] Building C object esp-idf/lwip/CMakeFiles/__idf_lwip.dir/lwip/src/core/tcp_in.c.obj
[562/1514] Building C object esp-idf/lwip/CMakeFiles/__idf_lwip.dir/lwip/src/core/ipv4/autoip.c.obj
[563/1514] Building C object esp-idf/lwip/CMakeFiles/__idf_lwip.dir/lwip/src/core/ipv4/etharp.c.obj
[564/1514] Building C object esp-idf/lwip/CMakeFiles/__idf_lwip.dir/lwip/src/core/ipv4/icmp.c.obj
[565/1514] Building C object esp-idf/lwip/CMakeFiles/__idf_lwip.dir/lwip/src/core/udp.c.obj
[566/1514] Building C object esp-idf/lwip/CMakeFiles/__idf_lwip.dir/lwip/src/core/ipv4/dhcp.c.obj
[567/1514] Building C object esp-idf/lwip/CMakeFiles/__idf_lwip.dir/lwip/src/core/ipv4/ip4_napt.c.obj
[568/1514] Building C object esp-idf/lwip/CMakeFiles/__idf_lwip.dir/lwip/src/core/ipv4/igmp.c.obj
[569/1514] Building C object esp-idf/lwip/CMakeFiles/__idf_lwip.dir/lwip/src/core/ipv4/ip4.c.obj
[570/1514] Building C object esp-idf/lwip/CMakeFiles/__idf_lwip.dir/lwip/src/core/ipv4/ip4_frag.c.obj
[571/1514] Building C object esp-idf/lwip/CMakeFiles/__idf_lwip.dir/lwip/src/core/ipv4/ip4_addr.c.obj
[572/1514] Building C object esp-idf/lwip/CMakeFiles/__idf_lwip.dir/lwip/src/core/ipv6/dhcp6.c.obj
[573/1514] Building C object esp-idf/lwip/CMakeFiles/__idf_lwip.dir/lwip/src/core/ipv6/ethip6.c.obj
[574/1514] Building C object esp-idf/lwip/CMakeFiles/__idf_lwip.dir/lwip/src/core/ipv6/icmp6.c.obj
[575/1514] Building C object esp-idf/lwip/CMakeFiles/__idf_lwip.dir/lwip/src/core/ipv6/inet6.c.obj
[576/1514] Building C object esp-idf/lwip/CMakeFiles/__idf_lwip.dir/lwip/src/core/ipv6/ip6_addr.c.obj
[577/1514] Building C object esp-idf/lwip/CMakeFiles/__idf_lwip.dir/lwip/src/core/ipv6/ip6_frag.c.obj
[578/1514] Building C object esp-idf/lwip/CMakeFiles/__idf_lwip.dir/lwip/src/core/ipv6/ip6.c.obj
[579/1514] Building C object esp-idf/lwip/CMakeFiles/__idf_lwip.dir/lwip/src/netif/ethernet.c.obj
[580/1514] Building C object esp-idf/lwip/CMakeFiles/__idf_lwip.dir/lwip/src/core/ipv6/mld6.c.obj
[581/1514] Building C object esp-idf/lwip/CMakeFiles/__idf_lwip.dir/lwip/src/netif/bridgeif_fdb.c.obj
[582/1514] Building C object esp-idf/lwip/CMakeFiles/__idf_lwip.dir/lwip/src/netif/bridgeif.c.obj
[583/1514] Building C object esp-idf/lwip/CMakeFiles/__idf_lwip.dir/lwip/src/netif/ppp/auth.c.obj
[584/1514] Building C object esp-idf/lwip/CMakeFiles/__idf_lwip.dir/lwip/src/netif/slipif.c.obj
[585/1514] Building C object esp-idf/lwip/CMakeFiles/__idf_lwip.dir/lwip/src/netif/ppp/ccp.c.obj
[586/1514] Building C object esp-idf/lwip/CMakeFiles/__idf_lwip.dir/lwip/src/core/ipv6/nd6.c.obj
[587/1514] Building C object esp-idf/lwip/CMakeFiles/__idf_lwip.dir/lwip/src/netif/ppp/chap-md5.c.obj
[588/1514] Building C object esp-idf/lwip/CMakeFiles/__idf_lwip.dir/lwip/src/netif/ppp/chap-new.c.obj
[589/1514] Building C object esp-idf/lwip/CMakeFiles/__idf_lwip.dir/lwip/src/netif/ppp/chap_ms.c.obj
[590/1514] Building C object esp-idf/lwip/CMakeFiles/__idf_lwip.dir/lwip/src/netif/ppp/ecp.c.obj
[591/1514] Building C object esp-idf/lwip/CMakeFiles/__idf_lwip.dir/lwip/src/netif/ppp/demand.c.obj
[592/1514] Building C object esp-idf/lwip/CMakeFiles/__idf_lwip.dir/lwip/src/netif/ppp/eap.c.obj
[593/1514] Building C object esp-idf/lwip/CMakeFiles/__idf_lwip.dir/lwip/src/netif/ppp/eui64.c.obj
[594/1514] Building C object esp-idf/lwip/CMakeFiles/__idf_lwip.dir/lwip/src/netif/ppp/fsm.c.obj
[595/1514] Building C object esp-idf/lwip/CMakeFiles/__idf_lwip.dir/lwip/src/netif/ppp/ipv6cp.c.obj
[596/1514] Building C object esp-idf/lwip/CMakeFiles/__idf_lwip.dir/lwip/src/netif/ppp/magic.c.obj
[597/1514] Building C object esp-idf/lwip/CMakeFiles/__idf_lwip.dir/lwip/src/netif/ppp/mppe.c.obj
[598/1514] Building C object esp-idf/lwip/CMakeFiles/__idf_lwip.dir/lwip/src/netif/ppp/multilink.c.obj
[599/1514] Building C object esp-idf/lwip/CMakeFiles/__idf_lwip.dir/lwip/src/netif/ppp/ipcp.c.obj
[600/1514] Building C object esp-idf/lwip/CMakeFiles/__idf_lwip.dir/lwip/src/netif/ppp/lcp.c.obj
[601/1514] Building C object esp-idf/lwip/CMakeFiles/__idf_lwip.dir/lwip/src/netif/ppp/ppp.c.obj
[602/1514] Building C object esp-idf/lwip/CMakeFiles/__idf_lwip.dir/lwip/src/netif/ppp/pppcrypt.c.obj
[603/1514] Building C object esp-idf/lwip/CMakeFiles/__idf_lwip.dir/lwip/src/netif/ppp/pppapi.c.obj
[604/1514] Building C object esp-idf/lwip/CMakeFiles/__idf_lwip.dir/lwip/src/netif/ppp/pppol2tp.c.obj
[605/1514] Building C object esp-idf/lwip/CMakeFiles/__idf_lwip.dir/lwip/src/netif/ppp/pppoe.c.obj
[606/1514] Building C object esp-idf/lwip/CMakeFiles/__idf_lwip.dir/lwip/src/netif/ppp/upap.c.obj
[607/1514] Building C object esp-idf/lwip/CMakeFiles/__idf_lwip.dir/lwip/src/netif/ppp/pppos.c.obj
[608/1514] Building C object esp-idf/lwip/CMakeFiles/__idf_lwip.dir/port/hooks/tcp_isn_default.c.obj
[609/1514] Building C object esp-idf/lwip/CMakeFiles/__idf_lwip.dir/lwip/src/netif/ppp/vj.c.obj
[610/1514] Building C object esp-idf/lwip/CMakeFiles/__idf_lwip.dir/lwip/src/netif/ppp/utils.c.obj
[611/1514] Building C object esp-idf/lwip/CMakeFiles/__idf_lwip.dir/port/hooks/lwip_default_hooks.c.obj
[612/1514] Building C object esp-idf/lwip/CMakeFiles/__idf_lwip.dir/port/debug/lwip_debug.c.obj
[613/1514] Building C object esp-idf/lwip/CMakeFiles/__idf_lwip.dir/port/sockets_ext.c.obj
[614/1514] Building C object esp-idf/lwip/CMakeFiles/__idf_lwip.dir/port/freertos/sys_arch.c.obj
[615/1514] Building C object esp-idf/lwip/CMakeFiles/__idf_lwip.dir/port/if_index.c.obj
[616/1514] Building C object esp-idf/lwip/CMakeFiles/__idf_lwip.dir/port/acd_dhcp_check.c.obj
[617/1514] Building C object esp-idf/lwip/CMakeFiles/__idf_lwip.dir/port/esp32xx/vfs_lwip.c.obj
[618/1514] Building C object esp-idf/lwip/CMakeFiles/__idf_lwip.dir/apps/ping/esp_ping.c.obj
[619/1514] Building C object esp-idf/lwip/CMakeFiles/__idf_lwip.dir/lwip/src/netif/ppp/polarssl/arc4.c.obj
[620/1514] Building C object esp-idf/lwip/CMakeFiles/__idf_lwip.dir/lwip/src/netif/ppp/polarssl/des.c.obj
[621/1514] Building C object esp-idf/lwip/CMakeFiles/__idf_lwip.dir/apps/ping/ping.c.obj
[622/1514] Building C object esp-idf/lwip/CMakeFiles/__idf_lwip.dir/lwip/src/netif/ppp/polarssl/md4.c.obj
[623/1514] Building C object esp-idf/lwip/CMakeFiles/__idf_lwip.dir/apps/ping/ping_sock.c.obj
[624/1514] Building C object esp-idf/lwip/CMakeFiles/__idf_lwip.dir/lwip/src/netif/ppp/polarssl/sha1.c.obj
[625/1514] Building C object esp-idf/lwip/CMakeFiles/__idf_lwip.dir/lwip/src/netif/ppp/polarssl/md5.c.obj
[626/1514] Building C object esp-idf/esp_netif/CMakeFiles/__idf_esp_netif.dir/esp_netif_objects.c.obj
[627/1514] Building C object esp-idf/esp_netif/CMakeFiles/__idf_esp_netif.dir/esp_netif_handlers.c.obj
[628/1514] Building C object esp-idf/lwip/CMakeFiles/__idf_lwip.dir/apps/dhcpserver/dhcpserver.c.obj
[629/1514] Building C object esp-idf/esp_netif/CMakeFiles/__idf_esp_netif.dir/esp_netif_defaults.c.obj
[630/1514] Building C object esp-idf/esp_netif/CMakeFiles/__idf_esp_netif.dir/lwip/esp_netif_lwip_defaults.c.obj
[631/1514] Building C object esp-idf/esp_netif/CMakeFiles/__idf_esp_netif.dir/lwip/esp_netif_sntp.c.obj
[632/1514] Building C object esp-idf/esp_netif/CMakeFiles/__idf_esp_netif.dir/lwip/netif/ethernetif.c.obj
[633/1514] Building C object esp-idf/esp_netif/CMakeFiles/__idf_esp_netif.dir/lwip/netif/wlanif.c.obj
[634/1514] Building C object esp-idf/esp_netif/CMakeFiles/__idf_esp_netif.dir/lwip/netif/esp_pbuf_ref.c.obj
[635/1514] Building C object esp-idf/esp_netif/CMakeFiles/__idf_esp_netif.dir/lwip/netif/ppp.c.obj
[636/1514] Building C object esp-idf/esp_netif/CMakeFiles/__idf_esp_netif.dir/lwip/esp_netif_lwip_ppp.c.obj
[637/1514] Building C object esp-idf/wpa_supplicant/CMakeFiles/__idf_wpa_supplicant.dir/port/os_xtensa.c.obj
[638/1514] Building C object esp-idf/esp_netif/CMakeFiles/__idf_esp_netif.dir/lwip/esp_netif_lwip.c.obj
[639/1514] Building C object esp-idf/wpa_supplicant/CMakeFiles/__idf_wpa_supplicant.dir/port/eloop.c.obj
[640/1514] Building C object esp-idf/wpa_supplicant/CMakeFiles/__idf_wpa_supplicant.dir/src/ap/ieee802_1x.c.obj
[641/1514] Building C object esp-idf/wpa_supplicant/CMakeFiles/__idf_wpa_supplicant.dir/src/ap/ap_config.c.obj
[642/1514] Building C object esp-idf/wpa_supplicant/CMakeFiles/__idf_wpa_supplicant.dir/src/ap/pmksa_cache_auth.c.obj
[643/1514] Building C object esp-idf/wpa_supplicant/CMakeFiles/__idf_wpa_supplicant.dir/src/ap/wpa_auth_ie.c.obj
[644/1514] Building C object esp-idf/wpa_supplicant/CMakeFiles/__idf_wpa_supplicant.dir/src/ap/wpa_auth.c.obj
[645/1514] Building C object esp-idf/wpa_supplicant/CMakeFiles/__idf_wpa_supplicant.dir/src/ap/sta_info.c.obj
[646/1514] Building C object esp-idf/wpa_supplicant/CMakeFiles/__idf_wpa_supplicant.dir/src/ap/comeback_token.c.obj
[647/1514] Building C object esp-idf/wpa_supplicant/CMakeFiles/__idf_wpa_supplicant.dir/src/common/dragonfly.c.obj
[648/1514] Building C object esp-idf/wpa_supplicant/CMakeFiles/__idf_wpa_supplicant.dir/src/ap/ieee802_11.c.obj
[649/1514] Building C object esp-idf/wpa_supplicant/CMakeFiles/__idf_wpa_supplicant.dir/src/utils/bitfield.c.obj
[650/1514] Building C object esp-idf/wpa_supplicant/CMakeFiles/__idf_wpa_supplicant.dir/src/common/wpa_common.c.obj
[651/1514] Building C object esp-idf/wpa_supplicant/CMakeFiles/__idf_wpa_supplicant.dir/src/common/sae.c.obj
[652/1514] Building C object esp-idf/wpa_supplicant/CMakeFiles/__idf_wpa_supplicant.dir/src/crypto/aes-siv.c.obj
[653/1514] Building C object esp-idf/wpa_supplicant/CMakeFiles/__idf_wpa_supplicant.dir/src/crypto/sha256-kdf.c.obj
[654/1514] Building C object esp-idf/wpa_supplicant/CMakeFiles/__idf_wpa_supplicant.dir/src/crypto/ccmp.c.obj
[655/1514] Building C object esp-idf/wpa_supplicant/CMakeFiles/__idf_wpa_supplicant.dir/src/crypto/crypto_ops.c.obj
[656/1514] Building C object esp-idf/wpa_supplicant/CMakeFiles/__idf_wpa_supplicant.dir/src/crypto/dh_group5.c.obj
[657/1514] Building C object esp-idf/wpa_supplicant/CMakeFiles/__idf_wpa_supplicant.dir/src/crypto/aes-gcm.c.obj
[658/1514] Building C object esp-idf/wpa_supplicant/CMakeFiles/__idf_wpa_supplicant.dir/src/crypto/sha1-tlsprf.c.obj
[659/1514] Building C object esp-idf/wpa_supplicant/CMakeFiles/__idf_wpa_supplicant.dir/src/crypto/dh_groups.c.obj
[660/1514] Building C object esp-idf/wpa_supplicant/CMakeFiles/__idf_wpa_supplicant.dir/src/crypto/ms_funcs.c.obj
[661/1514] Building C object esp-idf/wpa_supplicant/CMakeFiles/__idf_wpa_supplicant.dir/src/crypto/sha256-tlsprf.c.obj
[662/1514] Building C object esp-idf/wpa_supplicant/CMakeFiles/__idf_wpa_supplicant.dir/src/crypto/sha384-tlsprf.c.obj
[663/1514] Building C object esp-idf/wpa_supplicant/CMakeFiles/__idf_wpa_supplicant.dir/src/crypto/sha256-prf.c.obj
[664/1514] Building C object esp-idf/wpa_supplicant/CMakeFiles/__idf_wpa_supplicant.dir/src/crypto/sha1-prf.c.obj
[665/1514] Building C object esp-idf/wpa_supplicant/CMakeFiles/__idf_wpa_supplicant.dir/src/crypto/sha384-prf.c.obj
[666/1514] Building C object esp-idf/wpa_supplicant/CMakeFiles/__idf_wpa_supplicant.dir/src/eap_common/eap_wsc_common.c.obj
[667/1514] Building C object esp-idf/wpa_supplicant/CMakeFiles/__idf_wpa_supplicant.dir/src/crypto/sha1-tprf.c.obj
[668/1514] Building C object esp-idf/wpa_supplicant/CMakeFiles/__idf_wpa_supplicant.dir/src/crypto/md4-internal.c.obj
[669/1514] Building C object esp-idf/wpa_supplicant/CMakeFiles/__idf_wpa_supplicant.dir/src/eap_peer/chap.c.obj
[670/1514] Building C object esp-idf/wpa_supplicant/CMakeFiles/__idf_wpa_supplicant.dir/src/common/ieee802_11_common.c.obj
[671/1514] Building C object esp-idf/wpa_supplicant/CMakeFiles/__idf_wpa_supplicant.dir/src/eap_peer/eap_common.c.obj
[672/1514] Building C object esp-idf/wpa_supplicant/CMakeFiles/__idf_wpa_supplicant.dir/src/eap_peer/eap_mschapv2.c.obj
[673/1514] Building C object esp-idf/wpa_supplicant/CMakeFiles/__idf_wpa_supplicant.dir/src/eap_peer/eap.c.obj
[674/1514] Building C object esp-idf/wpa_supplicant/CMakeFiles/__idf_wpa_supplicant.dir/src/eap_peer/eap_peap_common.c.obj
[675/1514] Building C object esp-idf/wpa_supplicant/CMakeFiles/__idf_wpa_supplicant.dir/src/eap_peer/eap_tls.c.obj
[676/1514] Building C object esp-idf/wpa_supplicant/CMakeFiles/__idf_wpa_supplicant.dir/src/eap_peer/eap_peap.c.obj
[677/1514] Building C object esp-idf/wpa_supplicant/CMakeFiles/__idf_wpa_supplicant.dir/src/eap_peer/eap_ttls.c.obj
[678/1514] Building C object esp-idf/wpa_supplicant/CMakeFiles/__idf_wpa_supplicant.dir/src/eap_peer/eap_tls_common.c.obj
[679/1514] Building C object esp-idf/wpa_supplicant/CMakeFiles/__idf_wpa_supplicant.dir/src/eap_peer/mschapv2.c.obj
[680/1514] Building C object esp-idf/wpa_supplicant/CMakeFiles/__idf_wpa_supplicant.dir/src/eap_peer/eap_fast_common.c.obj
[681/1514] Building C object esp-idf/wpa_supplicant/CMakeFiles/__idf_wpa_supplicant.dir/src/eap_peer/eap_fast.c.obj
[682/1514] Building C object esp-idf/wpa_supplicant/CMakeFiles/__idf_wpa_supplicant.dir/src/eap_peer/eap_fast_pac.c.obj
[683/1514] Building C object esp-idf/wpa_supplicant/CMakeFiles/__idf_wpa_supplicant.dir/src/rsn_supp/pmksa_cache.c.obj
[684/1514] Building C object esp-idf/wpa_supplicant/CMakeFiles/__idf_wpa_supplicant.dir/src/rsn_supp/wpa.c.obj
[685/1514] Building C object esp-idf/wpa_supplicant/CMakeFiles/__idf_wpa_supplicant.dir/src/utils/base64.c.obj
[686/1514] Building C object esp-idf/wpa_supplicant/CMakeFiles/__idf_wpa_supplicant.dir/src/rsn_supp/wpa_ie.c.obj
[687/1514] Building C object esp-idf/wpa_supplicant/CMakeFiles/__idf_wpa_supplicant.dir/src/utils/ext_password.c.obj
[688/1514] Building C object esp-idf/wpa_supplicant/CMakeFiles/__idf_wpa_supplicant.dir/src/utils/uuid.c.obj
[689/1514] Building C object esp-idf/wpa_supplicant/CMakeFiles/__idf_wpa_supplicant.dir/src/utils/wpa_debug.c.obj
[690/1514] Building C object esp-idf/wpa_supplicant/CMakeFiles/__idf_wpa_supplicant.dir/src/utils/wpabuf.c.obj
[691/1514] Building C object esp-idf/wpa_supplicant/CMakeFiles/__idf_wpa_supplicant.dir/src/wps/wps.c.obj
[692/1514] Building C object esp-idf/wpa_supplicant/CMakeFiles/__idf_wpa_supplicant.dir/src/utils/common.c.obj
[693/1514] Building C object esp-idf/wpa_supplicant/CMakeFiles/__idf_wpa_supplicant.dir/src/wps/wps_attr_build.c.obj
[694/1514] Building C object esp-idf/wpa_supplicant/CMakeFiles/__idf_wpa_supplicant.dir/src/wps/wps_attr_process.c.obj
[695/1514] Building C object esp-idf/wpa_supplicant/CMakeFiles/__idf_wpa_supplicant.dir/src/utils/json.c.obj
[696/1514] Building C object esp-idf/wpa_supplicant/CMakeFiles/__idf_wpa_supplicant.dir/src/wps/wps_attr_parse.c.obj
[697/1514] Building C object esp-idf/wpa_supplicant/CMakeFiles/__idf_wpa_supplicant.dir/src/wps/wps_common.c.obj
[698/1514] Building C object esp-idf/wpa_supplicant/CMakeFiles/__idf_wpa_supplicant.dir/src/wps/wps_dev_attr.c.obj
[699/1514] Building C object esp-idf/wpa_supplicant/CMakeFiles/__idf_wpa_supplicant.dir/src/wps/wps_enrollee.c.obj
[700/1514] Building C object esp-idf/wpa_supplicant/CMakeFiles/__idf_wpa_supplicant.dir/src/common/sae_pk.c.obj
[701/1514] Building C object esp-idf/wpa_supplicant/CMakeFiles/__idf_wpa_supplicant.dir/esp_supplicant/src/esp_wpa2_api_port.c.obj
[702/1514] Building C object esp-idf/wpa_supplicant/CMakeFiles/__idf_wpa_supplicant.dir/esp_supplicant/src/esp_wpa_main.c.obj
[703/1514] Building C object esp-idf/wpa_supplicant/CMakeFiles/__idf_wpa_supplicant.dir/esp_supplicant/src/esp_wpas_glue.c.obj
[704/1514] Building C object esp-idf/wpa_supplicant/CMakeFiles/__idf_wpa_supplicant.dir/esp_supplicant/src/esp_eap_client.c.obj
[705/1514] Building C object esp-idf/wpa_supplicant/CMakeFiles/__idf_wpa_supplicant.dir/esp_supplicant/src/esp_common.c.obj
[706/1514] Building C object esp-idf/wpa_supplicant/CMakeFiles/__idf_wpa_supplicant.dir/esp_supplicant/src/esp_owe.c.obj
[707/1514] Building C object esp-idf/wpa_supplicant/CMakeFiles/__idf_wpa_supplicant.dir/esp_supplicant/src/esp_wps.c.obj
[708/1514] Building C object esp-idf/wpa_supplicant/CMakeFiles/__idf_wpa_supplicant.dir/esp_supplicant/src/esp_wpa3.c.obj
[709/1514] Building C object esp-idf/wpa_supplicant/CMakeFiles/__idf_wpa_supplicant.dir/esp_supplicant/src/crypto/tls_mbedtls.c.obj
[710/1514] Building C object esp-idf/wpa_supplicant/CMakeFiles/__idf_wpa_supplicant.dir/esp_supplicant/src/crypto/crypto_mbedtls-bignum.c.obj
[711/1514] Building C object esp-idf/wpa_supplicant/CMakeFiles/__idf_wpa_supplicant.dir/esp_supplicant/src/esp_hostap.c.obj
[712/1514] Building C object esp-idf/wpa_supplicant/CMakeFiles/__idf_wpa_supplicant.dir/esp_supplicant/src/crypto/crypto_mbedtls-ec.c.obj
[713/1514] Building C object esp-idf/wpa_supplicant/CMakeFiles/__idf_wpa_supplicant.dir/esp_supplicant/src/crypto/crypto_mbedtls.c.obj
[714/1514] Building C object esp-idf/wpa_supplicant/CMakeFiles/__idf_wpa_supplicant.dir/esp_supplicant/src/crypto/fastpsk.c.obj
[715/1514] Building C object esp-idf/wpa_supplicant/CMakeFiles/__idf_wpa_supplicant.dir/esp_supplicant/src/crypto/crypto_mbedtls-rsa.c.obj
[716/1514] Building C object esp-idf/wpa_supplicant/CMakeFiles/__idf_wpa_supplicant.dir/esp_supplicant/src/crypto/fastpbkdf2.c.obj
[717/1514] Building C object esp-idf/wpa_supplicant/CMakeFiles/__idf_wpa_supplicant.dir/src/crypto/rc4.c.obj
[718/1514] Building C object esp-idf/wpa_supplicant/CMakeFiles/__idf_wpa_supplicant.dir/src/crypto/aes-wrap.c.obj
[719/1514] Building C object esp-idf/wpa_supplicant/CMakeFiles/__idf_wpa_supplicant.dir/src/crypto/aes-unwrap.c.obj
[720/1514] Building C object esp-idf/esp_coex/CMakeFiles/__idf_esp_coex.dir/src/coexist.c.obj
[721/1514] Building C object esp-idf/wpa_supplicant/CMakeFiles/__idf_wpa_supplicant.dir/src/crypto/des-internal.c.obj
[722/1514] Building C object esp-idf/wpa_supplicant/CMakeFiles/__idf_wpa_supplicant.dir/src/crypto/aes-ccm.c.obj
[723/1514] Building C object esp-idf/esp_coex/CMakeFiles/__idf_esp_coex.dir/src/coexist_debug_diagram.c.obj
[724/1514] Building C object esp-idf/esp_coex/CMakeFiles/__idf_esp_coex.dir/src/lib_printf.c.obj
[725/1514] Building C object esp-idf/esp_coex/CMakeFiles/__idf_esp_coex.dir/src/coexist_debug.c.obj
[726/1514] Building C object esp-idf/esp_wifi/CMakeFiles/__idf_esp_wifi.dir/src/lib_printf.c.obj
[727/1514] Building C object esp-idf/esp_wifi/CMakeFiles/__idf_esp_wifi.dir/src/mesh_event.c.obj
[728/1514] Building C object esp-idf/esp_coex/CMakeFiles/__idf_esp_coex.dir/esp32s3/esp_coex_adapter.c.obj
[729/1514] Building C object esp-idf/esp_wifi/CMakeFiles/__idf_esp_wifi.dir/src/wifi_init.c.obj
[730/1514] Building C object esp-idf/esp_wifi/CMakeFiles/__idf_esp_wifi.dir/src/smartconfig.c.obj
[731/1514] Building C object esp-idf/esp_wifi/CMakeFiles/__idf_esp_wifi.dir/src/wifi_netif.c.obj
[732/1514] Building C object esp-idf/esp_wifi/CMakeFiles/__idf_esp_wifi.dir/src/wifi_default_ap.c.obj
[733/1514] Building C object esp-idf/esp_wifi/CMakeFiles/__idf_esp_wifi.dir/src/wifi_default.c.obj
[734/1514] Building C object esp-idf/esp_wifi/CMakeFiles/__idf_esp_wifi.dir/regulatory/esp_wifi_regulatory.c.obj
[735/1514] Building C object esp-idf/esp_wifi/CMakeFiles/__idf_esp_wifi.dir/src/smartconfig_ack.c.obj
[736/1514] Building C object esp-idf/esp_wifi/CMakeFiles/__idf_esp_wifi.dir/esp32s3/esp_adapter.c.obj
[737/1514] Building C object esp-idf/esp_driver_spi/CMakeFiles/__idf_esp_driver_spi.dir/src/gpspi/spi_master.c.obj
[738/1514] Building C object esp-idf/esp_driver_spi/CMakeFiles/__idf_esp_driver_spi.dir/src/gpspi/spi_common.c.obj
[739/1514] Building C object esp-idf/esp_driver_spi/CMakeFiles/__idf_esp_driver_spi.dir/src/gpspi/spi_slave.c.obj
[740/1514] Building C object esp-idf/esp_driver_spi/CMakeFiles/__idf_esp_driver_spi.dir/src/gpspi/spi_slave_hd.c.obj
[741/1514] Building C object esp-idf/esp_gdbstub/CMakeFiles/__idf_esp_gdbstub.dir/src/gdbstub_transport.c.obj
[742/1514] Building C object esp-idf/esp_gdbstub/CMakeFiles/__idf_esp_gdbstub.dir/src/gdbstub.c.obj
[743/1514] Building C object esp-idf/esp_gdbstub/CMakeFiles/__idf_esp_gdbstub.dir/src/packet.c.obj
[744/1514] Building ASM object esp-idf/esp_gdbstub/CMakeFiles/__idf_esp_gdbstub.dir/src/port/xtensa/gdbstub-entry.S.obj
[745/1514] Building ASM object esp-idf/esp_gdbstub/CMakeFiles/__idf_esp_gdbstub.dir/src/port/xtensa/xt_debugexception.S.obj
[746/1514] Building C object esp-idf/esp_gdbstub/CMakeFiles/__idf_esp_gdbstub.dir/src/port/xtensa/gdbstub_xtensa.c.obj
[747/1514] Building C object esp-idf/bt/CMakeFiles/__idf_bt.dir/common/api/esp_blufi_api.c.obj
[748/1514] Building C object esp-idf/bt/CMakeFiles/__idf_bt.dir/common/btc/core/btc_alarm.c.obj
[749/1514] Building C object esp-idf/bt/CMakeFiles/__idf_bt.dir/common/hci_log/bt_hci_log.c.obj
[750/1514] Building C object esp-idf/bt/CMakeFiles/__idf_bt.dir/common/btc/core/btc_manage.c.obj
[751/1514] Building C object esp-idf/bt/CMakeFiles/__idf_bt.dir/controller/esp32c3/bt.c.obj
[752/1514] Building C object esp-idf/bt/CMakeFiles/__idf_bt.dir/common/btc/profile/esp/blufi/blufi_prf.c.obj
[753/1514] Building C object esp-idf/bt/CMakeFiles/__idf_bt.dir/common/btc/core/btc_task.c.obj
[754/1514] Building C object esp-idf/bt/CMakeFiles/__idf_bt.dir/common/btc/profile/esp/blufi/blufi_protocol.c.obj
[755/1514] Building C object esp-idf/bt/CMakeFiles/__idf_bt.dir/common/osi/allocator.c.obj
[756/1514] Building C object esp-idf/bt/CMakeFiles/__idf_bt.dir/common/osi/buffer.c.obj
[757/1514] Building C object esp-idf/bt/CMakeFiles/__idf_bt.dir/common/osi/alarm.c.obj
[758/1514] Building C object esp-idf/bt/CMakeFiles/__idf_bt.dir/common/osi/config.c.obj
[759/1514] Building C object esp-idf/bt/CMakeFiles/__idf_bt.dir/common/osi/fixed_queue.c.obj
[760/1514] Building C object esp-idf/bt/CMakeFiles/__idf_bt.dir/common/osi/future.c.obj
[761/1514] Building C object esp-idf/bt/CMakeFiles/__idf_bt.dir/common/osi/hash_functions.c.obj
[762/1514] Building C object esp-idf/bt/CMakeFiles/__idf_bt.dir/common/osi/pkt_queue.c.obj
[763/1514] Building C object esp-idf/bt/CMakeFiles/__idf_bt.dir/common/osi/fixed_pkt_queue.c.obj
[764/1514] Building C object esp-idf/bt/CMakeFiles/__idf_bt.dir/common/osi/mutex.c.obj
[765/1514] Building C object esp-idf/bt/CMakeFiles/__idf_bt.dir/common/osi/hash_map.c.obj
[766/1514] Building C object esp-idf/bt/CMakeFiles/__idf_bt.dir/common/osi/osi.c.obj
[767/1514] Building C object esp-idf/bt/CMakeFiles/__idf_bt.dir/common/osi/list.c.obj
[768/1514] Building C object esp-idf/bt/CMakeFiles/__idf_bt.dir/common/osi/thread.c.obj
[769/1514] Building C object esp-idf/bt/CMakeFiles/__idf_bt.dir/common/osi/semaphore.c.obj
[770/1514] Building C object esp-idf/bt/CMakeFiles/__idf_bt.dir/porting/mem/bt_osi_mem.c.obj
[771/1514] Building C object esp-idf/bt/CMakeFiles/__idf_bt.dir/common/ble_log/ble_log_spi_out.c.obj
[772/1514] Building C object esp-idf/bt/CMakeFiles/__idf_bt.dir/common/ble_log/ble_log_uhci_out.c.obj
[773/1514] Building C object esp-idf/bt/CMakeFiles/__idf_bt.dir/host/nimble/nimble/nimble/transport/src/transport.c.obj
[774/1514] Building C object esp-idf/bt/CMakeFiles/__idf_bt.dir/host/nimble/nimble/nimble/host/services/gatt/src/ble_svc_gatt.c.obj
[775/1514] Building C object esp-idf/bt/CMakeFiles/__idf_bt.dir/host/nimble/nimble/nimble/host/services/ias/src/ble_svc_ias.c.obj
[776/1514] Building C object esp-idf/bt/CMakeFiles/__idf_bt.dir/host/nimble/nimble/nimble/host/util/src/addr.c.obj
[777/1514] Building C object esp-idf/bt/CMakeFiles/__idf_bt.dir/host/nimble/nimble/nimble/host/services/tps/src/ble_svc_tps.c.obj
[778/1514] Building C object esp-idf/bt/CMakeFiles/__idf_bt.dir/host/nimble/nimble/nimble/host/services/ipss/src/ble_svc_ipss.c.obj
[779/1514] Building C object esp-idf/bt/CMakeFiles/__idf_bt.dir/host/nimble/nimble/nimble/host/services/hr/src/ble_svc_hr.c.obj
[780/1514] Building C object esp-idf/bt/CMakeFiles/__idf_bt.dir/host/nimble/nimble/nimble/host/services/ans/src/ble_svc_ans.c.obj
[781/1514] Building C object esp-idf/bt/CMakeFiles/__idf_bt.dir/host/nimble/nimble/nimble/host/services/htp/src/ble_svc_htp.c.obj
[782/1514] Building C object esp-idf/bt/CMakeFiles/__idf_bt.dir/host/nimble/nimble/nimble/host/services/gap/src/ble_svc_gap.c.obj
[783/1514] Building C object esp-idf/bt/CMakeFiles/__idf_bt.dir/host/nimble/nimble/nimble/host/services/bas/src/ble_svc_bas.c.obj
[784/1514] Building C object esp-idf/bt/CMakeFiles/__idf_bt.dir/host/nimble/nimble/nimble/host/services/dis/src/ble_svc_dis.c.obj
[785/1514] Building C object esp-idf/bt/CMakeFiles/__idf_bt.dir/host/nimble/nimble/nimble/host/services/lls/src/ble_svc_lls.c.obj
[786/1514] Building C object esp-idf/bt/CMakeFiles/__idf_bt.dir/host/nimble/nimble/nimble/host/services/prox/src/ble_svc_prox.c.obj
[787/1514] Building C object esp-idf/bt/CMakeFiles/__idf_bt.dir/host/nimble/nimble/nimble/host/services/hid/src/ble_svc_hid.c.obj
[788/1514] Building C object esp-idf/bt/CMakeFiles/__idf_bt.dir/host/nimble/nimble/nimble/host/services/cts/src/ble_svc_cts.c.obj
[789/1514] Building C object esp-idf/bt/CMakeFiles/__idf_bt.dir/host/nimble/nimble/nimble/host/services/cte/src/ble_svc_cte.c.obj
[790/1514] Building C object esp-idf/bt/CMakeFiles/__idf_bt.dir/host/nimble/nimble/nimble/host/services/sps/src/ble_svc_sps.c.obj
[791/1514] Building C object esp-idf/bt/CMakeFiles/__idf_bt.dir/host/nimble/nimble/nimble/host/src/ble_cs.c.obj
[792/1514] Building C object esp-idf/bt/CMakeFiles/__idf_bt.dir/host/nimble/nimble/nimble/host/services/ras/src/ble_svc_ras.c.obj
[793/1514] Building C object esp-idf/bt/CMakeFiles/__idf_bt.dir/host/nimble/nimble/nimble/host/src/ble_store_util.c.obj
[794/1514] Building C object esp-idf/bt/CMakeFiles/__idf_bt.dir/host/nimble/nimble/nimble/host/src/ble_hs_shutdown.c.obj
[795/1514] Building C object esp-idf/bt/CMakeFiles/__idf_bt.dir/host/nimble/nimble/nimble/host/src/ble_hs_conn.c.obj
[796/1514] Building C object esp-idf/bt/CMakeFiles/__idf_bt.dir/host/nimble/nimble/nimble/host/src/ble_l2cap_sig_cmd.c.obj
[797/1514] Building C object esp-idf/bt/CMakeFiles/__idf_bt.dir/host/nimble/nimble/nimble/host/src/ble_hs_hci_cmd.c.obj
[798/1514] Building C object esp-idf/bt/CMakeFiles/__idf_bt.dir/host/nimble/nimble/nimble/host/src/ble_hs_id.c.obj
[799/1514] Building C object esp-idf/bt/CMakeFiles/__idf_bt.dir/host/nimble/nimble/nimble/host/src/ble_gatts_lcl.c.obj
[800/1514] Building C object esp-idf/bt/CMakeFiles/__idf_bt.dir/host/nimble/nimble/nimble/host/src/ble_sm.c.obj
[801/1514] Building C object esp-idf/bt/CMakeFiles/__idf_bt.dir/host/nimble/nimble/nimble/host/src/ble_ibeacon.c.obj
[802/1514] Building C object esp-idf/bt/CMakeFiles/__idf_bt.dir/host/nimble/nimble/nimble/host/src/ble_hs_atomic.c.obj
[803/1514] Building C object esp-idf/bt/CMakeFiles/__idf_bt.dir/host/nimble/nimble/nimble/host/src/ble_att_svr.c.obj
[804/1514] Building C object esp-idf/bt/CMakeFiles/__idf_bt.dir/host/nimble/nimble/nimble/host/src/ble_hs_stop.c.obj
[805/1514] Building C object esp-idf/bt/CMakeFiles/__idf_bt.dir/host/nimble/nimble/nimble/host/src/ble_sm_alg.c.obj
[806/1514] Building C object esp-idf/bt/CMakeFiles/__idf_bt.dir/host/nimble/nimble/nimble/host/src/ble_hs.c.obj
[807/1514] Building C object esp-idf/bt/CMakeFiles/__idf_bt.dir/host/nimble/nimble/nimble/host/src/ble_hs_periodic_sync.c.obj
[808/1514] Building C object esp-idf/bt/CMakeFiles/__idf_bt.dir/host/nimble/nimble/nimble/host/src/ble_hs_mqueue.c.obj
[809/1514] Building C object esp-idf/bt/CMakeFiles/__idf_bt.dir/host/nimble/nimble/nimble/host/src/ble_hs_hci_evt.c.obj
[810/1514] Building C object esp-idf/bt/CMakeFiles/__idf_bt.dir/host/nimble/nimble/nimble/host/src/ble_att.c.obj
[811/1514] Building C object esp-idf/bt/CMakeFiles/__idf_bt.dir/host/nimble/nimble/nimble/host/src/ble_ead.c.obj
[812/1514] Building C object esp-idf/bt/CMakeFiles/__idf_bt.dir/host/nimble/nimble/nimble/host/src/ble_aes_ccm.c.obj
[813/1514] Building C object esp-idf/bt/CMakeFiles/__idf_bt.dir/host/nimble/nimble/nimble/host/src/ble_sm_lgcy.c.obj
[814/1514] Building C object esp-idf/bt/CMakeFiles/__idf_bt.dir/host/nimble/nimble/nimble/host/src/ble_hs_cfg.c.obj
[815/1514] Building C object esp-idf/bt/CMakeFiles/__idf_bt.dir/host/nimble/nimble/nimble/host/src/ble_store.c.obj
[816/1514] Building C object esp-idf/bt/CMakeFiles/__idf_bt.dir/host/nimble/nimble/nimble/host/src/ble_l2cap_coc.c.obj
[817/1514] Building C object esp-idf/bt/CMakeFiles/__idf_bt.dir/host/nimble/nimble/nimble/host/src/ble_hs_mbuf.c.obj
[818/1514] Building C object esp-idf/bt/CMakeFiles/__idf_bt.dir/host/nimble/nimble/nimble/host/src/ble_att_clt.c.obj
[819/1514] Building C object esp-idf/bt/CMakeFiles/__idf_bt.dir/host/nimble/nimble/nimble/host/src/ble_hs_log.c.obj
[820/1514] Building C object esp-idf/bt/CMakeFiles/__idf_bt.dir/host/nimble/nimble/nimble/host/src/ble_att_cmd.c.obj
[821/1514] Building C object esp-idf/bt/CMakeFiles/__idf_bt.dir/host/nimble/nimble/nimble/host/src/ble_hs_startup.c.obj
[822/1514] Building C object esp-idf/bt/CMakeFiles/__idf_bt.dir/host/nimble/nimble/nimble/host/src/ble_eddystone.c.obj
[823/1514] Building C object esp-idf/bt/CMakeFiles/__idf_bt.dir/host/nimble/nimble/nimble/host/src/ble_l2cap_sig.c.obj
[824/1514] Building C object esp-idf/bt/CMakeFiles/__idf_bt.dir/host/nimble/nimble/nimble/host/src/ble_sm_cmd.c.obj
[825/1514] Building C object esp-idf/bt/CMakeFiles/__idf_bt.dir/host/nimble/nimble/nimble/host/src/ble_uuid.c.obj
[826/1514] Building C object esp-idf/bt/CMakeFiles/__idf_bt.dir/host/nimble/nimble/nimble/host/src/ble_hs_pvcy.c.obj
[827/1514] Building C object esp-idf/bt/CMakeFiles/__idf_bt.dir/host/nimble/nimble/nimble/host/src/ble_hs_flow.c.obj
[828/1514] Building C object esp-idf/bt/CMakeFiles/__idf_bt.dir/host/nimble/nimble/nimble/host/src/ble_l2cap.c.obj
[829/1514] Building C object esp-idf/bt/CMakeFiles/__idf_bt.dir/host/nimble/nimble/nimble/host/src/ble_gattc.c.obj
[830/1514] Building C object esp-idf/bt/CMakeFiles/__idf_bt.dir/host/nimble/nimble/nimble/host/src/ble_hs_misc.c.obj
[831/1514] Building C object esp-idf/bt/CMakeFiles/__idf_bt.dir/host/nimble/nimble/nimble/host/src/ble_sm_sc.c.obj
[832/1514] Building C object esp-idf/bt/CMakeFiles/__idf_bt.dir/host/nimble/nimble/nimble/host/src/ble_gap.c.obj
[833/1514] Building C object esp-idf/bt/CMakeFiles/__idf_bt.dir/host/nimble/nimble/nimble/host/src/ble_hs_hci.c.obj
[834/1514] Building C object esp-idf/bt/CMakeFiles/__idf_bt.dir/host/nimble/nimble/nimble/host/src/ble_hs_hci_util.c.obj
[835/1514] Building C object esp-idf/bt/CMakeFiles/__idf_bt.dir/host/nimble/nimble/nimble/host/src/ble_hs_resolv.c.obj
[836/1514] Building C object esp-idf/bt/CMakeFiles/__idf_bt.dir/host/nimble/nimble/nimble/host/store/ram/src/ble_store_ram.c.obj
[837/1514] Building C object esp-idf/bt/CMakeFiles/__idf_bt.dir/host/nimble/nimble/nimble/host/src/ble_hs_adv.c.obj
[838/1514] Building C object esp-idf/bt/CMakeFiles/__idf_bt.dir/host/nimble/nimble/nimble/host/store/config/src/ble_store_nvs.c.obj
[839/1514] Building C object esp-idf/bt/CMakeFiles/__idf_bt.dir/host/nimble/nimble/nimble/host/src/ble_gatts.c.obj
[840/1514] Building C object esp-idf/bt/CMakeFiles/__idf_bt.dir/host/nimble/nimble/nimble/host/src/ble_gattc_cache.c.obj
[841/1514] Building C object esp-idf/bt/CMakeFiles/__idf_bt.dir/host/nimble/nimble/nimble/host/src/ble_eatt.c.obj
[842/1514] Building C object esp-idf/bt/CMakeFiles/__idf_bt.dir/host/nimble/nimble/nimble/host/store/config/src/ble_store_config.c.obj
[843/1514] Building C object esp-idf/bt/CMakeFiles/__idf_bt.dir/host/nimble/nimble/nimble/host/src/ble_gattc_cache_conn.c.obj
[844/1514] Building C object esp-idf/bt/CMakeFiles/__idf_bt.dir/host/nimble/nimble/porting/npl/freertos/src/nimble_port_freertos.c.obj
[845/1514] Building C object esp-idf/bt/CMakeFiles/__idf_bt.dir/host/nimble/port/src/nvs_port.c.obj
[846/1514] Building C object esp-idf/bt/CMakeFiles/__idf_bt.dir/host/nimble/nimble/porting/nimble/src/endian.c.obj
[847/1514] Building C object esp-idf/bt/CMakeFiles/__idf_bt.dir/host/nimble/nimble/porting/nimble/src/nimble_port.c.obj
[848/1514] Building C object esp-idf/bt/CMakeFiles/__idf_bt.dir/host/nimble/nimble/porting/nimble/src/os_mempool.c.obj
[849/1514] Building C object esp-idf/bt/CMakeFiles/__idf_bt.dir/host/nimble/nimble/porting/nimble/src/mem.c.obj
[850/1514] Building C object esp-idf/bt/CMakeFiles/__idf_bt.dir/host/nimble/nimble/porting/nimble/src/os_msys_init.c.obj
[851/1514] Building C object esp-idf/bt/CMakeFiles/__idf_bt.dir/host/nimble/esp-hci/src/esp_nimble_hci.c.obj
[852/1514] Building C object esp-idf/bt/CMakeFiles/__idf_bt.dir/host/nimble/nimble/nimble/transport/esp_ipc_legacy/src/hci_esp_ipc_legacy.c.obj
[853/1514] Building C object esp-idf/bt/CMakeFiles/__idf_bt.dir/host/nimble/nimble/porting/npl/freertos/src/npl_os_freertos.c.obj
[854/1514] Building C object esp-idf/bt/CMakeFiles/__idf_bt.dir/common/btc/profile/esp/blufi/nimble_host/esp_blufi.c.obj
[855/1514] Building C object esp-idf/unity/CMakeFiles/__idf_unity.dir/unity_compat.c.obj
[856/1514] Building C object esp-idf/unity/CMakeFiles/__idf_unity.dir/unity_runner.c.obj
[857/1514] Building C object esp-idf/bt/CMakeFiles/__idf_bt.dir/host/nimble/nimble/porting/nimble/src/os_mbuf.c.obj
[858/1514] Building C object esp-idf/unity/CMakeFiles/__idf_unity.dir/unity_utils_cache.c.obj
[859/1514] Building C object esp-idf/unity/CMakeFiles/__idf_unity.dir/unity_utils_freertos.c.obj
[860/1514] Building C object esp-idf/unity/CMakeFiles/__idf_unity.dir/unity_port_esp32.c.obj
[861/1514] Building C object esp-idf/unity/CMakeFiles/__idf_unity.dir/unity_utils_memory.c.obj
[862/1514] Building C object esp-idf/unity/CMakeFiles/__idf_unity.dir/port/esp/unity_utils_memory_esp.c.obj
[863/1514] Building C object esp-idf/cmock/CMakeFiles/__idf_cmock.dir/CMock/src/cmock.c.obj
[864/1514] Building C object esp-idf/unity/CMakeFiles/__idf_unity.dir/unity/src/unity.c.obj
[865/1514] Building C object esp-idf/console/CMakeFiles/__idf_console.dir/esp_console_common.c.obj
[866/1514] Building C object esp-idf/console/CMakeFiles/__idf_console.dir/split_argv.c.obj
[867/1514] Building C object esp-idf/console/CMakeFiles/__idf_console.dir/esp_console_repl_internal.c.obj
[868/1514] Building C object esp-idf/console/CMakeFiles/__idf_console.dir/commands.c.obj
[869/1514] Building C object esp-idf/console/CMakeFiles/__idf_console.dir/esp_console_repl_chip.c.obj
[870/1514] Building C object esp-idf/console/CMakeFiles/__idf_console.dir/linenoise/linenoise.c.obj
[871/1514] Building C object esp-idf/console/CMakeFiles/__idf_console.dir/argtable3/arg_cmd.c.obj
[872/1514] Building C object esp-idf/console/CMakeFiles/__idf_console.dir/argtable3/arg_date.c.obj
[873/1514] Building C object esp-idf/console/CMakeFiles/__idf_console.dir/argtable3/arg_end.c.obj
[874/1514] Building C object esp-idf/console/CMakeFiles/__idf_console.dir/argtable3/arg_dbl.c.obj
[875/1514] Building C object esp-idf/console/CMakeFiles/__idf_console.dir/argtable3/arg_dstr.c.obj
[876/1514] Building C object esp-idf/console/CMakeFiles/__idf_console.dir/argtable3/arg_hashtable.c.obj
[877/1514] Building C object esp-idf/console/CMakeFiles/__idf_console.dir/argtable3/arg_file.c.obj
[878/1514] Building C object esp-idf/console/CMakeFiles/__idf_console.dir/argtable3/arg_rem.c.obj
[879/1514] Building C object esp-idf/console/CMakeFiles/__idf_console.dir/argtable3/arg_int.c.obj
[880/1514] Building C object esp-idf/console/CMakeFiles/__idf_console.dir/argtable3/arg_lit.c.obj
[881/1514] Building C object esp-idf/console/CMakeFiles/__idf_console.dir/argtable3/arg_utils.c.obj
[882/1514] Building C object esp-idf/console/CMakeFiles/__idf_console.dir/argtable3/arg_str.c.obj
[883/1514] Building C object esp-idf/console/CMakeFiles/__idf_console.dir/argtable3/arg_rex.c.obj
[884/1514] Building C object esp-idf/esp_driver_pcnt/CMakeFiles/__idf_esp_driver_pcnt.dir/src/pulse_cnt.c.obj
[885/1514] Building C object esp-idf/console/CMakeFiles/__idf_console.dir/argtable3/argtable3.c.obj
[886/1514] Building C object esp-idf/esp_driver_mcpwm/CMakeFiles/__idf_esp_driver_mcpwm.dir/src/mcpwm_com.c.obj
[887/1514] Building C object esp-idf/esp_driver_mcpwm/CMakeFiles/__idf_esp_driver_mcpwm.dir/src/mcpwm_cap.c.obj
[888/1514] Building C object esp-idf/esp_driver_mcpwm/CMakeFiles/__idf_esp_driver_mcpwm.dir/src/mcpwm_cmpr.c.obj
[889/1514] Building C object esp-idf/esp_driver_mcpwm/CMakeFiles/__idf_esp_driver_mcpwm.dir/src/mcpwm_fault.c.obj
[890/1514] Building C object esp-idf/esp_driver_mcpwm/CMakeFiles/__idf_esp_driver_mcpwm.dir/src/mcpwm_sync.c.obj
[891/1514] Building C object esp-idf/esp_driver_mcpwm/CMakeFiles/__idf_esp_driver_mcpwm.dir/src/mcpwm_oper.c.obj
[892/1514] Building C object esp-idf/esp_driver_mcpwm/CMakeFiles/__idf_esp_driver_mcpwm.dir/src/mcpwm_timer.c.obj
[893/1514] Building C object esp-idf/esp_driver_mcpwm/CMakeFiles/__idf_esp_driver_mcpwm.dir/src/mcpwm_gen.c.obj
[894/1514] Building C object esp-idf/esp_driver_i2s/CMakeFiles/__idf_esp_driver_i2s.dir/i2s_std.c.obj
[895/1514] Building C object esp-idf/esp_driver_i2s/CMakeFiles/__idf_esp_driver_i2s.dir/i2s_common.c.obj
[896/1514] Building C object esp-idf/esp_driver_i2s/CMakeFiles/__idf_esp_driver_i2s.dir/i2s_tdm.c.obj
[897/1514] Building C object esp-idf/esp_driver_i2s/CMakeFiles/__idf_esp_driver_i2s.dir/i2s_platform.c.obj
[898/1514] Building C object esp-idf/esp_driver_i2s/CMakeFiles/__idf_esp_driver_i2s.dir/i2s_pdm.c.obj
[899/1514] Building C object esp-idf/sdmmc/CMakeFiles/__idf_sdmmc.dir/sdmmc_common.c.obj
[900/1514] Building C object esp-idf/sdmmc/CMakeFiles/__idf_sdmmc.dir/sdmmc_init.c.obj
[901/1514] Building C object esp-idf/sdmmc/CMakeFiles/__idf_sdmmc.dir/sdmmc_io.c.obj
[902/1514] Building C object esp-idf/sdmmc/CMakeFiles/__idf_sdmmc.dir/sdmmc_cmd.c.obj
[903/1514] Building C object esp-idf/sdmmc/CMakeFiles/__idf_sdmmc.dir/sdmmc_mmc.c.obj
[904/1514] Building C object esp-idf/sdmmc/CMakeFiles/__idf_sdmmc.dir/sd_pwr_ctrl/sd_pwr_ctrl.c.obj
[905/1514] Building C object esp-idf/esp_driver_sdmmc/CMakeFiles/__idf_esp_driver_sdmmc.dir/src/sdmmc_transaction.c.obj
[906/1514] Building C object esp-idf/esp_driver_sdspi/CMakeFiles/__idf_esp_driver_sdspi.dir/src/sdspi_crc.c.obj
[907/1514] Building C object esp-idf/sdmmc/CMakeFiles/__idf_sdmmc.dir/sdmmc_sd.c.obj
[908/1514] Building C object esp-idf/esp_driver_sdspi/CMakeFiles/__idf_esp_driver_sdspi.dir/src/sdspi_host.c.obj
[909/1514] Building C object esp-idf/esp_driver_sdspi/CMakeFiles/__idf_esp_driver_sdspi.dir/src/sdspi_transaction.c.obj
[910/1514] Building C object esp-idf/esp_driver_rmt/CMakeFiles/__idf_esp_driver_rmt.dir/src/rmt_encoder.c.obj
[911/1514] Building C object esp-idf/esp_driver_rmt/CMakeFiles/__idf_esp_driver_rmt.dir/src/rmt_common.c.obj
[912/1514] Building C object esp-idf/esp_driver_rmt/CMakeFiles/__idf_esp_driver_rmt.dir/src/rmt_encoder_bytes.c.obj
[913/1514] Building C object esp-idf/esp_driver_sdmmc/CMakeFiles/__idf_esp_driver_sdmmc.dir/src/sdmmc_host.c.obj
[914/1514] Building C object esp-idf/esp_driver_rmt/CMakeFiles/__idf_esp_driver_rmt.dir/src/rmt_encoder_copy.c.obj
[915/1514] Building C object esp-idf/esp_driver_rmt/CMakeFiles/__idf_esp_driver_rmt.dir/src/rmt_encoder_simple.c.obj
[916/1514] Building C object esp-idf/esp_driver_tsens/CMakeFiles/__idf_esp_driver_tsens.dir/src/temperature_sensor.c.obj
[917/1514] Building C object esp-idf/esp_driver_rmt/CMakeFiles/__idf_esp_driver_rmt.dir/src/rmt_rx.c.obj
[918/1514] Building C object esp-idf/esp_driver_sdm/CMakeFiles/__idf_esp_driver_sdm.dir/src/sdm.c.obj
[919/1514] Building C object esp-idf/esp_driver_i2c/CMakeFiles/__idf_esp_driver_i2c.dir/i2c_common.c.obj
[920/1514] Building C object esp-idf/esp_driver_rmt/CMakeFiles/__idf_esp_driver_rmt.dir/src/rmt_tx.c.obj
[921/1514] Building C object esp-idf/esp_driver_i2c/CMakeFiles/__idf_esp_driver_i2c.dir/i2c_slave_v2.c.obj
[922/1514] Building C object esp-idf/esp_driver_i2c/CMakeFiles/__idf_esp_driver_i2c.dir/i2c_master.c.obj
[923/1514] Building C object esp-idf/esp_driver_twai/CMakeFiles/__idf_esp_driver_twai.dir/esp_twai.c.obj
[924/1514] Building C object esp-idf/esp_driver_ledc/CMakeFiles/__idf_esp_driver_ledc.dir/src/ledc.c.obj
[925/1514] Building C object esp-idf/esp_driver_twai/CMakeFiles/__idf_esp_driver_twai.dir/esp_twai_onchip.c.obj
[926/1514] Building C object esp-idf/driver/CMakeFiles/__idf_driver.dir/deprecated/adc_legacy.c.obj
[927/1514] Building C object esp-idf/driver/CMakeFiles/__idf_driver.dir/deprecated/adc_dma_legacy.c.obj
[928/1514] Building C object esp-idf/driver/CMakeFiles/__idf_driver.dir/deprecated/i2s_legacy.c.obj
[929/1514] Building C object esp-idf/driver/CMakeFiles/__idf_driver.dir/deprecated/timer_legacy.c.obj
[930/1514] Building C object esp-idf/driver/CMakeFiles/__idf_driver.dir/deprecated/pcnt_legacy.c.obj
[931/1514] Building C object esp-idf/driver/CMakeFiles/__idf_driver.dir/i2c/i2c.c.obj
[932/1514] Building C object esp-idf/driver/CMakeFiles/__idf_driver.dir/deprecated/sigma_delta_legacy.c.obj
[933/1514] Building C object esp-idf/driver/CMakeFiles/__idf_driver.dir/deprecated/rtc_temperature_legacy.c.obj
[934/1514] Building C object esp-idf/driver/CMakeFiles/__idf_driver.dir/touch_sensor/touch_sensor_common.c.obj
[935/1514] Building C object esp-idf/driver/CMakeFiles/__idf_driver.dir/deprecated/mcpwm_legacy.c.obj
[936/1514] Building C object esp-idf/driver/CMakeFiles/__idf_driver.dir/deprecated/rmt_legacy.c.obj
[937/1514] Building C object esp-idf/driver/CMakeFiles/__idf_driver.dir/touch_sensor/esp32s3/touch_sensor.c.obj
[938/1514] Building C object esp-idf/driver/CMakeFiles/__idf_driver.dir/twai/twai.c.obj
[939/1514] Building C object esp-idf/esp-tls/CMakeFiles/__idf_esp-tls.dir/esp-tls-crypto/esp_tls_crypto.c.obj
[940/1514] Building C object esp-idf/esp-tls/CMakeFiles/__idf_esp-tls.dir/esp_tls_error_capture.c.obj
[941/1514] Building C object esp-idf/esp-tls/CMakeFiles/__idf_esp-tls.dir/esp_tls_platform_port.c.obj
[942/1514] Building C object esp-idf/esp-tls/CMakeFiles/__idf_esp-tls.dir/esp_tls.c.obj
[943/1514] Building C object esp-idf/esp_adc/CMakeFiles/__idf_esp_adc.dir/adc_oneshot.c.obj
[944/1514] Building C object esp-idf/esp_adc/CMakeFiles/__idf_esp_adc.dir/adc_common.c.obj
[945/1514] Building C object esp-idf/esp_adc/CMakeFiles/__idf_esp_adc.dir/adc_cali.c.obj
[946/1514] Building C object esp-idf/esp_adc/CMakeFiles/__idf_esp_adc.dir/adc_cali_curve_fitting.c.obj
[947/1514] Building C object esp-idf/esp_adc/CMakeFiles/__idf_esp_adc.dir/deprecated/esp_adc_cal_common_legacy.c.obj
[948/1514] Building C object esp-idf/esp-tls/CMakeFiles/__idf_esp-tls.dir/esp_tls_mbedtls.c.obj
[949/1514] Building C object esp-idf/esp_adc/CMakeFiles/__idf_esp_adc.dir/adc_monitor.c.obj
[950/1514] Building C object esp-idf/http_parser/CMakeFiles/__idf_http_parser.dir/http_parser.c.obj
[951/1514] Building C object esp-idf/esp_adc/CMakeFiles/__idf_esp_adc.dir/adc_continuous.c.obj
[952/1514] Building C object esp-idf/esp_adc/CMakeFiles/__idf_esp_adc.dir/esp32s3/curve_fitting_coefficients.c.obj
[953/1514] Building C object esp-idf/esp_adc/CMakeFiles/__idf_esp_adc.dir/deprecated/esp32s3/esp_adc_cal_legacy.c.obj
[954/1514] Building C object esp-idf/esp_adc/CMakeFiles/__idf_esp_adc.dir/gdma/adc_dma.c.obj
[955/1514] Building C object esp-idf/esp_adc/CMakeFiles/__idf_esp_adc.dir/adc_filter.c.obj
[956/1514] Building C object esp-idf/esp_driver_cam/CMakeFiles/__idf_esp_driver_cam.dir/dvp_share_ctrl.c.obj
[957/1514] Building C object esp-idf/esp_driver_cam/CMakeFiles/__idf_esp_driver_cam.dir/esp_cam_ctlr.c.obj
[958/1514] Building C object esp-idf/esp_driver_cam/CMakeFiles/__idf_esp_driver_cam.dir/dvp/src/esp_cam_ctlr_dvp_gdma.c.obj
[959/1514] Building C object esp-idf/esp_psram/CMakeFiles/__idf_esp_psram.dir/system_layer/esp_psram.c.obj
[960/1514] Building C object esp-idf/esp_psram/CMakeFiles/__idf_esp_psram.dir/xip_impl/mmu_psram_flash.c.obj
[961/1514] Building C object esp-idf/esp_driver_cam/CMakeFiles/__idf_esp_driver_cam.dir/dvp/src/esp_cam_ctlr_dvp_cam.c.obj
[962/1514] Building C object esp-idf/esp_psram/CMakeFiles/__idf_esp_psram.dir/esp32s3/esp_psram_impl_octal.c.obj
[963/1514] Building C object esp-idf/esp_driver_touch_sens/CMakeFiles/__idf_esp_driver_touch_sens.dir/hw_ver2/touch_version_specific.c.obj
[964/1514] Building C object esp-idf/esp_driver_touch_sens/CMakeFiles/__idf_esp_driver_touch_sens.dir/common/touch_sens_common.c.obj
[965/1514] Building C object esp-idf/esp_eth/CMakeFiles/__idf_esp_eth.dir/src/phy/esp_eth_phy_802_3.c.obj
[966/1514] Building C object esp-idf/esp_eth/CMakeFiles/__idf_esp_eth.dir/src/esp_eth_netif_glue.c.obj
[967/1514] Building C object esp-idf/esp_eth/CMakeFiles/__idf_esp_eth.dir/src/spi/dm9051/esp_eth_phy_dm9051.c.obj
[968/1514] Building C object esp-idf/esp_eth/CMakeFiles/__idf_esp_eth.dir/src/esp_eth.c.obj
[969/1514] Building C object esp-idf/esp_eth/CMakeFiles/__idf_esp_eth.dir/src/spi/dm9051/esp_eth_mac_dm9051.c.obj
[970/1514] Building C object esp-idf/esp_eth/CMakeFiles/__idf_esp_eth.dir/src/spi/w5500/esp_eth_phy_w5500.c.obj
[971/1514] Building C object esp-idf/esp_eth/CMakeFiles/__idf_esp_eth.dir/src/spi/w5500/esp_eth_mac_w5500.c.obj
[972/1514] Building C object esp-idf/esp_eth/CMakeFiles/__idf_esp_eth.dir/src/spi/ksz8851snl/esp_eth_mac_ksz8851snl.c.obj
[973/1514] Building C object esp-idf/esp_hid/CMakeFiles/__idf_esp_hid.dir/src/esp_hidd.c.obj
[974/1514] Building C object esp-idf/esp_eth/CMakeFiles/__idf_esp_eth.dir/src/spi/ksz8851snl/esp_eth_phy_ksz8851snl.c.obj
[975/1514] Building C object esp-idf/esp_hid/CMakeFiles/__idf_esp_hid.dir/src/nimble_hidd.c.obj
[976/1514] Building C object esp-idf/esp_hid/CMakeFiles/__idf_esp_hid.dir/src/nimble_hidh.c.obj
[977/1514] Building C object esp-idf/esp_hid/CMakeFiles/__idf_esp_hid.dir/src/esp_hid_common.c.obj
[978/1514] Building C object esp-idf/tcp_transport/CMakeFiles/__idf_tcp_transport.dir/transport.c.obj
[979/1514] Building C object esp-idf/tcp_transport/CMakeFiles/__idf_tcp_transport.dir/transport_internal.c.obj
[980/1514] Building C object esp-idf/esp_hid/CMakeFiles/__idf_esp_hid.dir/src/esp_hidh.c.obj
[981/1514] Building C object esp-idf/tcp_transport/CMakeFiles/__idf_tcp_transport.dir/transport_socks_proxy.c.obj
[982/1514] Building C object esp-idf/tcp_transport/CMakeFiles/__idf_tcp_transport.dir/transport_ssl.c.obj
[983/1514] Building C object esp-idf/tcp_transport/CMakeFiles/__idf_tcp_transport.dir/transport_ws.c.obj
[984/1514] Building C object esp-idf/esp_http_client/CMakeFiles/__idf_esp_http_client.dir/lib/http_auth.c.obj
[985/1514] Building C object esp-idf/esp_http_client/CMakeFiles/__idf_esp_http_client.dir/lib/http_header.c.obj
[986/1514] Building C object esp-idf/esp_http_client/CMakeFiles/__idf_esp_http_client.dir/esp_http_client.c.obj
[987/1514] Building C object esp-idf/esp_http_client/CMakeFiles/__idf_esp_http_client.dir/lib/http_utils.c.obj
[988/1514] Building C object esp-idf/esp_http_server/CMakeFiles/__idf_esp_http_server.dir/src/httpd_main.c.obj
[989/1514] Building C object esp-idf/esp_http_server/CMakeFiles/__idf_esp_http_server.dir/src/httpd_parse.c.obj
[990/1514] Building C object esp-idf/esp_http_server/CMakeFiles/__idf_esp_http_server.dir/src/httpd_sess.c.obj
[991/1514] Building C object esp-idf/esp_http_server/CMakeFiles/__idf_esp_http_server.dir/src/httpd_uri.c.obj
[992/1514] Building C object esp-idf/esp_http_server/CMakeFiles/__idf_esp_http_server.dir/src/httpd_ws.c.obj
[993/1514] Building C object esp-idf/esp_http_server/CMakeFiles/__idf_esp_http_server.dir/src/util/ctrl_sock.c.obj
[994/1514] Building C object esp-idf/esp_http_server/CMakeFiles/__idf_esp_http_server.dir/src/httpd_txrx.c.obj
[995/1514] Building C object esp-idf/esp_https_server/CMakeFiles/__idf_esp_https_server.dir/src/https_server.c.obj
[996/1514] Building C object esp-idf/esp_https_ota/CMakeFiles/__idf_esp_https_ota.dir/src/esp_https_ota.c.obj
[997/1514] Building C object esp-idf/esp_lcd/CMakeFiles/__idf_esp_lcd.dir/src/esp_lcd_common.c.obj
[998/1514] Building C object esp-idf/esp_lcd/CMakeFiles/__idf_esp_lcd.dir/src/esp_lcd_panel_io.c.obj
[999/1514] Building C object esp-idf/esp_lcd/CMakeFiles/__idf_esp_lcd.dir/src/esp_lcd_panel_ssd1306.c.obj
[1000/1514] Building C object esp-idf/esp_lcd/CMakeFiles/__idf_esp_lcd.dir/src/esp_lcd_panel_ops.c.obj
[1001/1514] Building C object esp-idf/esp_lcd/CMakeFiles/__idf_esp_lcd.dir/src/esp_lcd_panel_nt35510.c.obj
[1002/1514] Building C object esp-idf/esp_lcd/CMakeFiles/__idf_esp_lcd.dir/i2c/esp_lcd_panel_io_i2c_v2.c.obj
[1003/1514] Building C object esp-idf/esp_lcd/CMakeFiles/__idf_esp_lcd.dir/src/esp_lcd_panel_st7789.c.obj
[1004/1514] Building C object esp-idf/esp_lcd/CMakeFiles/__idf_esp_lcd.dir/i2c/esp_lcd_panel_io_i2c_v1.c.obj
[1005/1514] Building C object esp-idf/esp_lcd/CMakeFiles/__idf_esp_lcd.dir/i80/esp_lcd_panel_io_i80.c.obj
[1006/1514] Building C object esp-idf/esp_lcd/CMakeFiles/__idf_esp_lcd.dir/spi/esp_lcd_panel_io_spi.c.obj
[1007/1514] Building C object esp-idf/protocomm/CMakeFiles/__idf_protocomm.dir/src/common/protocomm.c.obj
[1008/1514] Building C object esp-idf/protocomm/CMakeFiles/__idf_protocomm.dir/proto-c/constants.pb-c.c.obj
[1009/1514] Building C object esp-idf/protocomm/CMakeFiles/__idf_protocomm.dir/proto-c/sec0.pb-c.c.obj
[1010/1514] Building C object esp-idf/protocomm/CMakeFiles/__idf_protocomm.dir/proto-c/sec1.pb-c.c.obj
[1011/1514] Building C object esp-idf/protocomm/CMakeFiles/__idf_protocomm.dir/proto-c/sec2.pb-c.c.obj
[1012/1514] Building C object esp-idf/protocomm/CMakeFiles/__idf_protocomm.dir/proto-c/session.pb-c.c.obj
[1013/1514] Building C object esp-idf/esp_lcd/CMakeFiles/__idf_esp_lcd.dir/rgb/esp_lcd_panel_rgb.c.obj
[1014/1514] Building C object esp-idf/protocomm/CMakeFiles/__idf_protocomm.dir/src/transports/protocomm_console.c.obj
[1015/1514] Building C object esp-idf/protocomm/CMakeFiles/__idf_protocomm.dir/src/transports/protocomm_httpd.c.obj
[1016/1514] Building C object esp-idf/protocomm/CMakeFiles/__idf_protocomm.dir/src/security/security0.c.obj
[1017/1514] Building C object esp-idf/protobuf-c/CMakeFiles/__idf_protobuf-c.dir/protobuf-c/protobuf-c/protobuf-c.c.obj
[1018/1514] Building C object esp-idf/protocomm/CMakeFiles/__idf_protocomm.dir/src/security/security1.c.obj
[1019/1514] Building C object esp-idf/protocomm/CMakeFiles/__idf_protocomm.dir/src/crypto/srp6a/esp_srp.c.obj
[1020/1514] Building C object esp-idf/protocomm/CMakeFiles/__idf_protocomm.dir/src/crypto/srp6a/esp_srp_mpi.c.obj
[1021/1514] Building C object esp-idf/protocomm/CMakeFiles/__idf_protocomm.dir/src/security/security2.c.obj
[1022/1514] Building C object esp-idf/esp_local_ctrl/CMakeFiles/__idf_esp_local_ctrl.dir/src/esp_local_ctrl_handler.c.obj
[1023/1514] Building C object esp-idf/protocomm/CMakeFiles/__idf_protocomm.dir/src/transports/protocomm_nimble.c.obj
[1024/1514] Building C object esp-idf/esp_local_ctrl/CMakeFiles/__idf_esp_local_ctrl.dir/src/esp_local_ctrl.c.obj
[1025/1514] Building C object esp-idf/esp_local_ctrl/CMakeFiles/__idf_esp_local_ctrl.dir/src/esp_local_ctrl_transport_ble.c.obj
[1026/1514] Building C object esp-idf/espcoredump/CMakeFiles/__idf_espcoredump.dir/src/core_dump_init.c.obj
[1027/1514] Building C object esp-idf/esp_local_ctrl/CMakeFiles/__idf_esp_local_ctrl.dir/proto-c/esp_local_ctrl.pb-c.c.obj
[1028/1514] Building C object esp-idf/esp_local_ctrl/CMakeFiles/__idf_esp_local_ctrl.dir/src/esp_local_ctrl_transport_httpd.c.obj
[1029/1514] Building C object esp-idf/espcoredump/CMakeFiles/__idf_espcoredump.dir/src/core_dump_flash.c.obj
[1030/1514] Building C object esp-idf/espcoredump/CMakeFiles/__idf_espcoredump.dir/src/core_dump_common.c.obj
[1031/1514] Building C object esp-idf/espcoredump/CMakeFiles/__idf_espcoredump.dir/src/core_dump_uart.c.obj
[1032/1514] Building C object esp-idf/espcoredump/CMakeFiles/__idf_espcoredump.dir/src/core_dump_sha.c.obj
[1033/1514] Building C object esp-idf/espcoredump/CMakeFiles/__idf_espcoredump.dir/src/core_dump_crc.c.obj
[1034/1514] Building C object esp-idf/espcoredump/CMakeFiles/__idf_espcoredump.dir/src/port/xtensa/core_dump_port.c.obj
[1035/1514] Building C object esp-idf/espcoredump/CMakeFiles/__idf_espcoredump.dir/src/core_dump_elf.c.obj
[1036/1514] Building C object esp-idf/espcoredump/CMakeFiles/__idf_espcoredump.dir/src/core_dump_binary.c.obj
[1037/1514] Building CXX object esp-idf/wear_levelling/CMakeFiles/__idf_wear_levelling.dir/SPI_Flash.cpp.obj
[1038/1514] Building CXX object esp-idf/wear_levelling/CMakeFiles/__idf_wear_levelling.dir/Partition.cpp.obj
[1039/1514] Building CXX object esp-idf/wear_levelling/CMakeFiles/__idf_wear_levelling.dir/WL_Ext_Perf.cpp.obj
[1040/1514] Building CXX object esp-idf/wear_levelling/CMakeFiles/__idf_wear_levelling.dir/crc32.cpp.obj
[1041/1514] Building CXX object esp-idf/wear_levelling/CMakeFiles/__idf_wear_levelling.dir/WL_Ext_Safe.cpp.obj
[1042/1514] Building CXX object esp-idf/wear_levelling/CMakeFiles/__idf_wear_levelling.dir/wear_levelling.cpp.obj
[1043/1514] Building C object esp-idf/fatfs/CMakeFiles/__idf_fatfs.dir/diskio/diskio_rawflash.c.obj
[1044/1514] Building C object esp-idf/fatfs/CMakeFiles/__idf_fatfs.dir/diskio/diskio.c.obj
[1045/1514] Building CXX object esp-idf/wear_levelling/CMakeFiles/__idf_wear_levelling.dir/WL_Flash.cpp.obj
[1046/1514] Building C object esp-idf/fatfs/CMakeFiles/__idf_fatfs.dir/diskio/diskio_wl.c.obj
[1047/1514] Building C object esp-idf/fatfs/CMakeFiles/__idf_fatfs.dir/src/ffunicode.c.obj
[1048/1514] Building C object esp-idf/fatfs/CMakeFiles/__idf_fatfs.dir/port/freertos/ffsystem.c.obj
[1049/1514] Building C object esp-idf/fatfs/CMakeFiles/__idf_fatfs.dir/diskio/diskio_sdmmc.c.obj
[1050/1514] Building C object esp-idf/fatfs/CMakeFiles/__idf_fatfs.dir/src/ff.c.obj
[1051/1514] Building C object esp-idf/fatfs/CMakeFiles/__idf_fatfs.dir/vfs/vfs_fat_sdmmc.c.obj
[1052/1514] Building C object esp-idf/fatfs/CMakeFiles/__idf_fatfs.dir/vfs/vfs_fat_spiflash.c.obj
[1053/1514] Building C object esp-idf/fatfs/CMakeFiles/__idf_fatfs.dir/vfs/vfs_fat.c.obj
[1054/1514] Building C object esp-idf/json/CMakeFiles/__idf_json.dir/cJSON/cJSON_Utils.c.obj
[1055/1514] Building C object esp-idf/json/CMakeFiles/__idf_json.dir/cJSON/cJSON.c.obj
[1056/1514] Building C object esp-idf/mqtt/CMakeFiles/__idf_mqtt.dir/esp-mqtt/lib/mqtt_msg.c.obj
[1057/1514] Building C object esp-idf/mqtt/CMakeFiles/__idf_mqtt.dir/esp-mqtt/lib/mqtt_outbox.c.obj
[1058/1514] Building C object esp-idf/mqtt/CMakeFiles/__idf_mqtt.dir/esp-mqtt/lib/platform_esp32_idf.c.obj
[1059/1514] Building C object esp-idf/perfmon/CMakeFiles/__idf_perfmon.dir/xtensa_perfmon_access.c.obj
[1060/1514] Building C object esp-idf/nvs_sec_provider/CMakeFiles/__idf_nvs_sec_provider.dir/nvs_sec_provider.c.obj
[1061/1514] Building C object esp-idf/perfmon/CMakeFiles/__idf_perfmon.dir/xtensa_perfmon_masks.c.obj
[1062/1514] Building C object esp-idf/perfmon/CMakeFiles/__idf_perfmon.dir/xtensa_perfmon_apis.c.obj
[1063/1514] Building C object esp-idf/rt/CMakeFiles/__idf_rt.dir/FreeRTOS_POSIX_utils.c.obj
[1064/1514] Building C object esp-idf/rt/CMakeFiles/__idf_rt.dir/FreeRTOS_POSIX_mqueue.c.obj
[1065/1514] Building C object esp-idf/mqtt/CMakeFiles/__idf_mqtt.dir/esp-mqtt/mqtt_client.c.obj
[1066/1514] Building C object esp-idf/spiffs/CMakeFiles/__idf_spiffs.dir/spiffs_api.c.obj
[1067/1514] Building C object esp-idf/spiffs/CMakeFiles/__idf_spiffs.dir/spiffs/src/spiffs_cache.c.obj
[1068/1514] Building C object esp-idf/spiffs/CMakeFiles/__idf_spiffs.dir/spiffs/src/spiffs_check.c.obj
[1069/1514] Building C object esp-idf/spiffs/CMakeFiles/__idf_spiffs.dir/spiffs/src/spiffs_hydrogen.c.obj
[1070/1514] Building C object esp-idf/spiffs/CMakeFiles/__idf_spiffs.dir/spiffs/src/spiffs_gc.c.obj
[1071/1514] Building C object esp-idf/spiffs/CMakeFiles/__idf_spiffs.dir/esp_spiffs.c.obj
[1072/1514] Building C object esp-idf/touch_element/CMakeFiles/__idf_touch_element.dir/touch_element.c.obj
[1073/1514] Building C object esp-idf/touch_element/CMakeFiles/__idf_touch_element.dir/touch_button.c.obj
[1074/1514] Building C object esp-idf/spiffs/CMakeFiles/__idf_spiffs.dir/spiffs/src/spiffs_nucleus.c.obj
[1075/1514] Building C object esp-idf/ulp/CMakeFiles/__idf_ulp.dir/ulp_common/ulp_common.c.obj
[1076/1514] Building C object esp-idf/touch_element/CMakeFiles/__idf_touch_element.dir/touch_matrix.c.obj
[1077/1514] Building C object esp-idf/ulp/CMakeFiles/__idf_ulp.dir/ulp_common/ulp_adc.c.obj
[1078/1514] Building C object esp-idf/ulp/CMakeFiles/__idf_ulp.dir/ulp_fsm/ulp.c.obj
[1079/1514] Building C object esp-idf/ulp/CMakeFiles/__idf_ulp.dir/ulp_fsm/ulp_macro.c.obj
[1080/1514] Building C object esp-idf/touch_element/CMakeFiles/__idf_touch_element.dir/touch_slider.c.obj
[1081/1514] Linking C static library esp-idf/ulp/libulp.a
[1082/1514] Linking C static library esp-idf/esp_https_ota/libesp_https_ota.a
[1083/1514] Linking C static library esp-idf/esp_http_server/libesp_http_server.a
[1084/1514] Linking C static library esp-idf/esp_http_client/libesp_http_client.a
[1085/1514] Linking C static library esp-idf/tcp_transport/libtcp_transport.a
[1086/1514] Linking C static library esp-idf/esp_psram/libesp_psram.a
[1087/1514] Linking C static library esp-idf/esp_adc/libesp_adc.a
[1088/1514] Linking C static library esp-idf/esp-tls/libesp-tls.a
[1089/1514] Linking C static library esp-idf/http_parser/libhttp_parser.a
[1090/1514] Linking C static library esp-idf/driver/libdriver.a
[1091/1514] Linking C static library esp-idf/esp_driver_twai/libesp_driver_twai.a
[1092/1514] Linking C static library esp-idf/esp_driver_ledc/libesp_driver_ledc.a
[1093/1514] Linking C static library esp-idf/esp_driver_i2c/libesp_driver_i2c.a
[1094/1514] Linking C static library esp-idf/esp_driver_sdm/libesp_driver_sdm.a
[1095/1514] Linking C static library esp-idf/esp_driver_tsens/libesp_driver_tsens.a
[1096/1514] Linking C static library esp-idf/esp_driver_rmt/libesp_driver_rmt.a
[1097/1514] Linking C static library esp-idf/esp_driver_sdspi/libesp_driver_sdspi.a
[1098/1514] Linking C static library esp-idf/esp_driver_sdmmc/libesp_driver_sdmmc.a
[1099/1514] Linking C static library esp-idf/sdmmc/libsdmmc.a
[1100/1514] Linking C static library esp-idf/esp_driver_i2s/libesp_driver_i2s.a
[1101/1514] Linking C static library esp-idf/esp_driver_mcpwm/libesp_driver_mcpwm.a
[1102/1514] Linking C static library esp-idf/esp_driver_pcnt/libesp_driver_pcnt.a
[1103/1514] Linking C static library esp-idf/esp_gdbstub/libesp_gdbstub.a
[1104/1514] Linking C static library esp-idf/esp_driver_spi/libesp_driver_spi.a
[1105/1514] Linking C static library esp-idf/esp_wifi/libesp_wifi.a
[1106/1514] Linking C static library esp-idf/esp_coex/libesp_coex.a
[1107/1514] Linking C static library esp-idf/wpa_supplicant/libwpa_supplicant.a
[1108/1514] Linking C static library esp-idf/esp_netif/libesp_netif.a
[1109/1514] Linking C static library esp-idf/lwip/liblwip.a
[1110/1514] Linking C static library esp-idf/vfs/libvfs.a
[1111/1514] Linking C static library esp-idf/esp_vfs_console/libesp_vfs_console.a
[1112/1514] Linking C static library esp-idf/esp_driver_usb_serial_jtag/libesp_driver_usb_serial_jtag.a
[1113/1514] Linking C static library esp-idf/esp_phy/libesp_phy.a
[1114/1514] Linking C static library esp-idf/nvs_flash/libnvs_flash.a
[1115/1514] Linking C static library esp-idf/esp_event/libesp_event.a
[1116/1514] Linking C static library esp-idf/esp_driver_uart/libesp_driver_uart.a
[1117/1514] Linking C static library esp-idf/esp_ringbuf/libesp_ringbuf.a
[1118/1514] Linking C static library esp-idf/esp_driver_gptimer/libesp_driver_gptimer.a
[1119/1514] Linking C static library esp-idf/esp_timer/libesp_timer.a
[1120/1514] Linking C static library esp-idf/cxx/libcxx.a
[1121/1514] Linking C static library esp-idf/pthread/libpthread.a
[1122/1514] Linking C static library esp-idf/newlib/libnewlib.a
[1123/1514] Linking C static library esp-idf/freertos/libfreertos.a
[1124/1514] Linking C static library esp-idf/esp_hw_support/libesp_hw_support.a
[1125/1514] Linking C static library esp-idf/esp_security/libesp_security.a
[1126/1514] Linking C static library esp-idf/soc/libsoc.a
[1127/1514] Linking C static library esp-idf/heap/libheap.a
[1128/1514] Linking C static library esp-idf/log/liblog.a
[1129/1514] Linking C static library esp-idf/hal/libhal.a
[1130/1514] Linking C static library esp-idf/esp_rom/libesp_rom.a
[1131/1514] Linking C static library esp-idf/esp_common/libesp_common.a
[1132/1514] Building C object esp-idf/usb/CMakeFiles/__idf_usb.dir/enum.c.obj
[1133/1514] Linking C static library esp-idf/esp_system/libesp_system.a
[1134/1514] Linking C static library esp-idf/spi_flash/libspi_flash.a
[1135/1514] Linking C static library esp-idf/esp_mm/libesp_mm.a
[1136/1514] Linking C static library esp-idf/bootloader_support/libbootloader_support.a
[1137/1514] Linking C static library esp-idf/efuse/libefuse.a
[1138/1514] Linking C static library esp-idf/esp_partition/libesp_partition.a
[1139/1514] Linking C static library esp-idf/app_update/libapp_update.a
[1140/1514] Linking C static library esp-idf/esp_bootloader_format/libesp_bootloader_format.a
[1141/1514] Linking C static library esp-idf/esp_app_format/libesp_app_format.a
[1142/1514] Linking CXX static library esp-idf/mbedtls/mbedtls/library/libmbedtls.a
[1143/1514] Linking CXX static library esp-idf/mbedtls/mbedtls/library/libmbedx509.a
[1144/1514] Building C object esp-idf/usb/CMakeFiles/__idf_usb.dir/hub.c.obj
[1145/1514] Linking CXX static library esp-idf/mbedtls/mbedtls/library/libmbedcrypto.a
[1146/1514] Linking CXX static library esp-idf/mbedtls/mbedtls/3rdparty/p256-m/libp256m.a
[1147/1514] Linking CXX static library esp-idf/mbedtls/mbedtls/3rdparty/everest/libeverest.a
[1148/1514] Linking C static library esp-idf/esp_pm/libesp_pm.a
[1149/1514] Linking C static library esp-idf/esp_driver_gpio/libesp_driver_gpio.a
[1150/1514] Linking C static library esp-idf/xtensa/libxtensa.a
[1151/1514] Linking C static library esp-idf/app_trace/libapp_trace.a
[1152/1514] Building C object esp-idf/usb/CMakeFiles/__idf_usb.dir/hcd_dwc.c.obj
[1153/1514] Building C object esp-idf/usb/CMakeFiles/__idf_usb.dir/usb_helpers.c.obj
[1154/1514] Linking C static library esp-idf/unity/libunity.a
[1155/1514] Linking C static library esp-idf/cmock/libcmock.a
[1156/1514] Linking C static library esp-idf/console/libconsole.a
[1157/1514] Linking C static library esp-idf/esp_driver_touch_sens/libesp_driver_touch_sens.a
[1158/1514] Linking C static library esp-idf/esp_driver_cam/libesp_driver_cam.a
[1159/1514] Linking C static library esp-idf/esp_https_server/libesp_https_server.a
[1160/1514] Linking C static library esp-idf/bt/libbt.a
[1161/1514] Linking C static library esp-idf/esp_eth/libesp_eth.a
[1162/1514] Linking C static library esp-idf/protobuf-c/libprotobuf-c.a
[1163/1514] Linking C static library esp-idf/esp_hid/libesp_hid.a
[1164/1514] Linking C static library esp-idf/esp_lcd/libesp_lcd.a
[1165/1514] Linking C static library esp-idf/protocomm/libprotocomm.a
[1166/1514] Linking C static library esp-idf/wear_levelling/libwear_levelling.a
[1167/1514] Linking C static library esp-idf/espcoredump/libespcoredump.a
[1168/1514] Linking C static library esp-idf/json/libjson.a
[1169/1514] Linking C static library esp-idf/mqtt/libmqtt.a
[1170/1514] Linking C static library esp-idf/fatfs/libfatfs.a
[1171/1514] Linking C static library esp-idf/nvs_sec_provider/libnvs_sec_provider.a
[1172/1514] Linking C static library esp-idf/perfmon/libperfmon.a
[1173/1514] Linking C static library esp-idf/rt/librt.a
[1174/1514] Linking C static library esp-idf/touch_element/libtouch_element.a
[1175/1514] Linking C static library esp-idf/spiffs/libspiffs.a
[1176/1514] Building C object esp-idf/usb/CMakeFiles/__idf_usb.dir/usb_private.c.obj
[1177/1514] Building C object esp-idf/usb/CMakeFiles/__idf_usb.dir/usb_phy.c.obj
[1178/1514] Building C object esp-idf/wifi_provisioning/CMakeFiles/__idf_wifi_provisioning.dir/src/wifi_config.c.obj
[1179/1514] Building C object esp-idf/usb/CMakeFiles/__idf_usb.dir/usbh.c.obj
[1180/1514] Building C object esp-idf/usb/CMakeFiles/__idf_usb.dir/usb_host.c.obj
[1181/1514] Linking C static library esp-idf/usb/libusb.a
[1182/1514] Building C object esp-idf/wifi_provisioning/CMakeFiles/__idf_wifi_provisioning.dir/src/wifi_ctrl.c.obj
[1183/1514] Building C object esp-idf/wifi_provisioning/CMakeFiles/__idf_wifi_provisioning.dir/src/wifi_scan.c.obj
[1184/1514] Building C object esp-idf/wifi_provisioning/CMakeFiles/__idf_wifi_provisioning.dir/src/handlers.c.obj
[1185/1514] Building C object esp-idf/wifi_provisioning/CMakeFiles/__idf_wifi_provisioning.dir/src/scheme_console.c.obj
[1186/1514] Building C object esp-idf/wifi_provisioning/CMakeFiles/__idf_wifi_provisioning.dir/proto-c/wifi_config.pb-c.c.obj
[1187/1514] Building C object esp-idf/wifi_provisioning/CMakeFiles/__idf_wifi_provisioning.dir/proto-c/wifi_ctrl.pb-c.c.obj
[1188/1514] Building C object esp-idf/wifi_provisioning/CMakeFiles/__idf_wifi_provisioning.dir/proto-c/wifi_scan.pb-c.c.obj
[1189/1514] Building C object esp-idf/wifi_provisioning/CMakeFiles/__idf_wifi_provisioning.dir/proto-c/wifi_constants.pb-c.c.obj
[1190/1514] Building C object esp-idf/wifi_provisioning/CMakeFiles/__idf_wifi_provisioning.dir/src/scheme_ble.c.obj
[1191/1514] Building C object esp-idf/wifi_provisioning/CMakeFiles/__idf_wifi_provisioning.dir/src/scheme_softap.c.obj
[1192/1514] Building C object esp-idf/wifi_provisioning/CMakeFiles/__idf_wifi_provisioning.dir/src/manager.c.obj
[1193/1514] Linking C static library esp-idf/wifi_provisioning/libwifi_provisioning.a
[1194/1514] Building C object esp-idf/espressif__mdns/CMakeFiles/__idf_espressif__mdns.dir/mdns_networking_lwip.c.obj
[1195/1514] Building C object esp-idf/espressif__mdns/CMakeFiles/__idf_espressif__mdns.dir/mdns_console.c.obj
[1196/1514] Building C object esp-idf/espressif__tinyusb/CMakeFiles/__idf_espressif__tinyusb.dir/src/class/hid/hid_device.c.obj
[1197/1514] Building C object esp-idf/espressif__tinyusb/CMakeFiles/__idf_espressif__tinyusb.dir/src/class/cdc/cdc_device.c.obj
[1198/1514] Building C object esp-idf/espressif__tinyusb/CMakeFiles/__idf_espressif__tinyusb.dir/src/class/midi/midi_device.c.obj
[1199/1514] Building C object esp-idf/espressif__tinyusb/CMakeFiles/__idf_espressif__tinyusb.dir/src/class/msc/msc_device.c.obj
[1200/1514] Building C object esp-idf/espressif__tinyusb/CMakeFiles/__idf_espressif__tinyusb.dir/src/class/vendor/vendor_device.c.obj
[1201/1514] Building C object esp-idf/espressif__tinyusb/CMakeFiles/__idf_espressif__tinyusb.dir/src/class/audio/audio_device.c.obj
[1202/1514] Building C object esp-idf/espressif__tinyusb/CMakeFiles/__idf_espressif__tinyusb.dir/src/class/video/video_device.c.obj
[1203/1514] Building C object esp-idf/espressif__tinyusb/CMakeFiles/__idf_espressif__tinyusb.dir/src/class/bth/bth_device.c.obj
[1204/1514] Building C object esp-idf/espressif__tinyusb/CMakeFiles/__idf_espressif__tinyusb.dir/src/class/usbtmc/usbtmc_device.c.obj
[1205/1514] Building C object esp-idf/espressif__tinyusb/CMakeFiles/__idf_espressif__tinyusb.dir/src/class/net/ecm_rndis_device.c.obj
[1206/1514] Building C object esp-idf/espressif__tinyusb/CMakeFiles/__idf_espressif__tinyusb.dir/src/class/net/ncm_device.c.obj
[1207/1514] Building C object esp-idf/espressif__tinyusb/CMakeFiles/__idf_espressif__tinyusb.dir/src/class/dfu/dfu_device.c.obj
[1208/1514] Building C object esp-idf/espressif__tinyusb/CMakeFiles/__idf_espressif__tinyusb.dir/src/class/dfu/dfu_rt_device.c.obj
[1209/1514] Building C object esp-idf/espressif__tinyusb/CMakeFiles/__idf_espressif__tinyusb.dir/lib/networking/rndis_reports.c.obj
[1210/1514] Building C object esp-idf/espressif__tinyusb/CMakeFiles/__idf_espressif__tinyusb.dir/src/portable/synopsys/dwc2/dwc2_common.c.obj
[1211/1514] Building C object esp-idf/espressif__tinyusb/CMakeFiles/__idf_espressif__tinyusb.dir/src/portable/synopsys/dwc2/dcd_dwc2.c.obj
[1212/1514] Building C object esp-idf/espressif__tinyusb/CMakeFiles/__idf_espressif__tinyusb.dir/src/common/tusb_fifo.c.obj
[1213/1514] Building C object esp-idf/espressif__tinyusb/CMakeFiles/__idf_espressif__tinyusb.dir/src/device/usbd_control.c.obj
[1214/1514] Building C object esp-idf/espressif__tinyusb/CMakeFiles/__idf_espressif__tinyusb.dir/src/device/usbd.c.obj
[1215/1514] Building C object esp-idf/main/CMakeFiles/micropy_extmod_btree.dir/home/shanmukh/OSBuild/lib/berkeley-db-1.xx/btree/bt_conv.c.obj
[1216/1514] Building C object esp-idf/main/CMakeFiles/micropy_extmod_btree.dir/home/shanmukh/OSBuild/lib/berkeley-db-1.xx/btree/bt_debug.c.obj
[1217/1514] Building C object esp-idf/main/CMakeFiles/micropy_extmod_btree.dir/home/shanmukh/OSBuild/lib/berkeley-db-1.xx/btree/bt_delete.c.obj
[1218/1514] Building C object esp-idf/main/CMakeFiles/micropy_extmod_btree.dir/home/shanmukh/OSBuild/lib/berkeley-db-1.xx/btree/bt_get.c.obj
[1219/1514] Building C object esp-idf/espressif__tinyusb/CMakeFiles/__idf_espressif__tinyusb.dir/src/tusb.c.obj
[1220/1514] Building C object esp-idf/main/CMakeFiles/micropy_extmod_btree.dir/home/shanmukh/OSBuild/lib/berkeley-db-1.xx/btree/bt_open.c.obj
[1221/1514] Building C object esp-idf/espressif__mdns/CMakeFiles/__idf_espressif__mdns.dir/mdns.c.obj
[1222/1514] Linking C static library esp-idf/espressif__mdns/libespressif__mdns.a
[1223/1514] Linking C static library esp-idf/espressif__tinyusb/libespressif__tinyusb.a
[1224/1514] Linking C static library esp-idf/esp_local_ctrl/libesp_local_ctrl.a
[1225/1514] Building C object esp-idf/main/CMakeFiles/micropy_extmod_btree.dir/home/shanmukh/OSBuild/lib/berkeley-db-1.xx/btree/bt_overflow.c.obj
[1226/1514] Building C object esp-idf/main/CMakeFiles/micropy_extmod_btree.dir/home/shanmukh/OSBuild/lib/berkeley-db-1.xx/btree/bt_page.c.obj
[1227/1514] Building C object esp-idf/main/CMakeFiles/micropy_extmod_btree.dir/home/shanmukh/OSBuild/lib/berkeley-db-1.xx/btree/bt_put.c.obj
[1228/1514] Building C object esp-idf/main/CMakeFiles/micropy_extmod_btree.dir/home/shanmukh/OSBuild/lib/berkeley-db-1.xx/btree/bt_search.c.obj
[1229/1514] Building C object esp-idf/main/CMakeFiles/micropy_extmod_btree.dir/home/shanmukh/OSBuild/lib/berkeley-db-1.xx/btree/bt_seq.c.obj
[1230/1514] Building C object esp-idf/main/CMakeFiles/micropy_extmod_btree.dir/home/shanmukh/OSBuild/lib/berkeley-db-1.xx/mpool/mpool.c.obj
[1231/1514] Building C object esp-idf/main/CMakeFiles/micropy_extmod_btree.dir/home/shanmukh/OSBuild/lib/berkeley-db-1.xx/btree/bt_utils.c.obj
[1232/1514] Building C object esp-idf/main/CMakeFiles/micropy_extmod_btree.dir/home/shanmukh/OSBuild/lib/berkeley-db-1.xx/btree/bt_split.c.obj
[1233/1514] cd /home/shanmukh/OSBuild/ports/esp32/build-ESP32_GENERIC_S3/esp-idf/main && /usr/bin/cmake -E make_directory /home/shanmukh/OSBuild/ports/esp32/build-ESP32_GENERIC_S3/genhdr && /home/shanmukh/.espressif/python_env/idf5.5_py3.12_env/bin/python /home/shanmukh/OSBuild/py/makeversionhdr.py /home/shanmukh/OSBuild/ports/esp32/build-ESP32_GENERIC_S3/genhdr/mpversion.h
GEN /home/shanmukh/OSBuild/ports/esp32/build-ESP32_GENERIC_S3/genhdr/mpversion.h
[1234/1514] Generating ../../pins.c, ../../genhdr/pins.h
[1235/1514] Generating /home/shanmukh/OSBuild/mpy-cross/build/mpy-cross
make[1]: Entering directory '/home/shanmukh/OSBuild/mpy-cross'
Use make V=1 or set BUILD_VERBOSE in your environment to increase build verbosity.
GEN build/genhdr/mpversion.h
CC ../py/modsys.c
CC main.c
LINK build/mpy-cross
   text	   data	    bss	    dec	    hex	filename
 415529	  19881	    880	 436290	  6a842	build/mpy-cross
make[1]: Leaving directory '/home/shanmukh/OSBuild/mpy-cross'
[1236/1514] Generating ../../genhdr/qstr.i.last
[1237/1514] Generating ../../genhdr/root_pointers.split
[1238/1514] Generating ../../genhdr/root_pointers.collected
Root pointer registrations updated
[1239/1514] Generating ../../genhdr/root_pointers.h
[1240/1514] Generating ../../genhdr/qstr.split
[1241/1514] Generating ../../genhdr/qstrdefs.collected.h
QSTR updated
[1242/1514] Generating ../../genhdr/qstrdefs.preprocessed.h
[1243/1514] Generating ../../genhdr/qstrdefs.generated.h
[1244/1514] cd /home/shanmukh/OSBuild/ports/esp32/build-ESP32_GENERIC_S3/esp-idf/main && /home/shanmukh/.espressif/python_env/idf5.5_py3.12_env/bin/python /home/shanmukh/OSBuild/tools/makemanifest.py -o /home/shanmukh/OSBuild/ports/esp32/build-ESP32_GENERIC_S3/frozen_content.c -v BOARD_DIR=/home/shanmukh/OSBuild/ports/esp32/boards/ESP32_GENERIC_S3 -v MPY_DIR=/home/shanmukh/OSBuild -v MPY_LIB_DIR=/home/shanmukh/OSBuild/lib/micropython-lib -v PORT_DIR=/home/shanmukh/OSBuild/ports/esp32 -b /home/shanmukh/OSBuild/ports/esp32/build-ESP32_GENERIC_S3 -f-march=xtensawin --mpy-tool-flags= /home/shanmukh/OSBuild/ports/esp32/boards/manifest.py
MPY flashbdev.py
MPY apa106.py
MPY espnow.py
MPY reset.py
MPY machine.py
MPY ZenCMD.py
MPY pystone_lowmem.py
MPY Services.py
MPY _boot.py
MPY inisetup.py
MPY Setup.py
MPY zeno_boot.py
MPY Graphics.py
MPY zeno.py
MPY asyncio/__init__.py
MPY asyncio/core.py
MPY asyncio/event.py
MPY asyncio/funcs.py
MPY asyncio/lock.py
MPY asyncio/stream.py
MPY uasyncio.py
MPY requests/__init__.py
MPY mip/__init__.py
MPY ntptime.py
MPY ssl.py
MPY webrepl.py
MPY webrepl_setup.py
MPY urequests.py
MPY aioespnow.py
MPY dht.py
MPY onewire.py
MPY ds18x20.py
MPY neopixel.py
MPY umqtt/robust.py
MPY umqtt/simple.py
MPY upysh.py
GEN /home/shanmukh/OSBuild/ports/esp32/build-ESP32_GENERIC_S3/frozen_content.c
[1245/1514] Generating ../../genhdr/compressed.split
[1246/1514] Generating ../../genhdr/compressed.collected
Compressed data updated
[1247/1514] Generating ../../genhdr/compressed.data.h
[1248/1514] Generating ../../genhdr/moduledefs.split
[1249/1514] Generating ../../genhdr/moduledefs.collected
Module registrations updated
[1250/1514] Generating ../../genhdr/moduledefs.h
[1251/1514] Building C object esp-idf/main/CMakeFiles/__idf_main.dir/home/shanmukh/OSBuild/py/asmbase.c.obj
[1252/1514] Building C object esp-idf/main/CMakeFiles/__idf_main.dir/home/shanmukh/OSBuild/py/asmarm.c.obj
[1253/1514] Building C object esp-idf/main/CMakeFiles/__idf_main.dir/home/shanmukh/OSBuild/py/asmrv32.c.obj
[1254/1514] Building C object esp-idf/main/CMakeFiles/__idf_main.dir/home/shanmukh/OSBuild/py/asmx64.c.obj
[1255/1514] Building C object esp-idf/main/CMakeFiles/__idf_main.dir/home/shanmukh/OSBuild/py/asmthumb.c.obj
[1256/1514] Building C object esp-idf/main/CMakeFiles/__idf_main.dir/home/shanmukh/OSBuild/py/asmx86.c.obj
[1257/1514] Building C object esp-idf/main/CMakeFiles/__idf_main.dir/home/shanmukh/OSBuild/py/argcheck.c.obj
[1258/1514] Building C object esp-idf/main/CMakeFiles/__idf_main.dir/home/shanmukh/OSBuild/py/bc.c.obj
[1259/1514] Building C object esp-idf/main/CMakeFiles/__idf_main.dir/home/shanmukh/OSBuild/py/asmxtensa.c.obj
[1260/1514] Building C object esp-idf/main/CMakeFiles/__idf_main.dir/home/shanmukh/OSBuild/py/binary.c.obj
[1261/1514] Building C object esp-idf/main/CMakeFiles/__idf_main.dir/home/shanmukh/OSBuild/py/builtinevex.c.obj
[1262/1514] Building C object esp-idf/main/CMakeFiles/__idf_main.dir/home/shanmukh/OSBuild/py/builtinhelp.c.obj
[1263/1514] Building C object esp-idf/main/CMakeFiles/__idf_main.dir/home/shanmukh/OSBuild/py/cstack.c.obj
[1264/1514] Building C object esp-idf/main/CMakeFiles/__idf_main.dir/home/shanmukh/OSBuild/py/builtinimport.c.obj
[1265/1514] Building C object esp-idf/main/CMakeFiles/__idf_main.dir/home/shanmukh/OSBuild/py/emitcommon.c.obj
[1266/1514] Building C object esp-idf/main/CMakeFiles/__idf_main.dir/home/shanmukh/OSBuild/py/emitglue.c.obj
[1267/1514] Building C object esp-idf/main/CMakeFiles/__idf_main.dir/home/shanmukh/OSBuild/py/emitinlinerv32.c.obj
[1268/1514] Building C object esp-idf/main/CMakeFiles/__idf_main.dir/home/shanmukh/OSBuild/py/emitinlinethumb.c.obj
[1269/1514] Building C object esp-idf/main/CMakeFiles/__idf_main.dir/home/shanmukh/OSBuild/py/emitinlinextensa.c.obj
[1270/1514] Building C object esp-idf/main/CMakeFiles/__idf_main.dir/home/shanmukh/OSBuild/py/emitnarm.c.obj
[1271/1514] Building C object esp-idf/main/CMakeFiles/__idf_main.dir/home/shanmukh/OSBuild/py/emitndebug.c.obj
[1272/1514] Building C object esp-idf/main/CMakeFiles/__idf_main.dir/home/shanmukh/OSBuild/py/emitbc.c.obj
[1273/1514] Building C object esp-idf/main/CMakeFiles/__idf_main.dir/home/shanmukh/OSBuild/py/emitnthumb.c.obj
[1274/1514] Building C object esp-idf/main/CMakeFiles/__idf_main.dir/home/shanmukh/OSBuild/py/emitnrv32.c.obj
[1275/1514] Building C object esp-idf/main/CMakeFiles/__idf_main.dir/home/shanmukh/OSBuild/py/emitnx64.c.obj
[1276/1514] Building C object esp-idf/main/CMakeFiles/__idf_main.dir/home/shanmukh/OSBuild/py/emitnx86.c.obj
[1277/1514] Building C object esp-idf/main/CMakeFiles/__idf_main.dir/home/shanmukh/OSBuild/py/emitnxtensa.c.obj
[1278/1514] Building C object esp-idf/main/CMakeFiles/__idf_main.dir/home/shanmukh/OSBuild/py/compile.c.obj
[1279/1514] Building C object esp-idf/main/CMakeFiles/__idf_main.dir/home/shanmukh/OSBuild/py/frozenmod.c.obj
[1280/1514] Building C object esp-idf/main/CMakeFiles/__idf_main.dir/home/shanmukh/OSBuild/py/formatfloat.c.obj
[1281/1514] Building C object esp-idf/main/CMakeFiles/__idf_main.dir/home/shanmukh/OSBuild/py/lexer.c.obj
[1282/1514] Building C object esp-idf/main/CMakeFiles/__idf_main.dir/home/shanmukh/OSBuild/py/gc.c.obj
[1283/1514] Building C object esp-idf/main/CMakeFiles/__idf_main.dir/home/shanmukh/OSBuild/py/malloc.c.obj
[1284/1514] Building C object esp-idf/main/CMakeFiles/__idf_main.dir/home/shanmukh/OSBuild/py/map.c.obj
[1285/1514] Building C object esp-idf/main/CMakeFiles/__idf_main.dir/home/shanmukh/OSBuild/py/emitnxtensawin.c.obj
[1286/1514] Building C object esp-idf/main/CMakeFiles/__idf_main.dir/home/shanmukh/OSBuild/py/modarray.c.obj
[1287/1514] Building C object esp-idf/main/CMakeFiles/__idf_main.dir/home/shanmukh/OSBuild/py/modcollections.c.obj
[1288/1514] Building C object esp-idf/main/CMakeFiles/__idf_main.dir/home/shanmukh/OSBuild/py/modcmath.c.obj
[1289/1514] Building C object esp-idf/main/CMakeFiles/__idf_main.dir/home/shanmukh/OSBuild/py/modbuiltins.c.obj
[1290/1514] Building C object esp-idf/main/CMakeFiles/__idf_main.dir/home/shanmukh/OSBuild/py/modgc.c.obj
[1291/1514] Building C object esp-idf/main/CMakeFiles/__idf_main.dir/home/shanmukh/OSBuild/py/modio.c.obj
[1292/1514] Building C object esp-idf/main/CMakeFiles/__idf_main.dir/home/shanmukh/OSBuild/py/modmicropython.c.obj
[1293/1514] Building C object esp-idf/main/CMakeFiles/__idf_main.dir/home/shanmukh/OSBuild/py/modstring.c.obj
[1294/1514] Building C object esp-idf/main/CMakeFiles/__idf_main.dir/home/shanmukh/OSBuild/py/modstruct.c.obj
[1295/1514] Building C object esp-idf/main/CMakeFiles/__idf_main.dir/home/shanmukh/OSBuild/py/modmath.c.obj
[1296/1514] Building C object esp-idf/main/CMakeFiles/__idf_main.dir/home/shanmukh/OSBuild/py/moderrno.c.obj
[1297/1514] Building C object esp-idf/main/CMakeFiles/__idf_main.dir/home/shanmukh/OSBuild/py/modsys.c.obj
[1298/1514] Building C object esp-idf/main/CMakeFiles/__idf_main.dir/home/shanmukh/OSBuild/py/modweakref.c.obj
[1299/1514] Building C object esp-idf/main/CMakeFiles/__idf_main.dir/home/shanmukh/OSBuild/py/mpstate.c.obj
[1300/1514] Building C object esp-idf/main/CMakeFiles/__idf_main.dir/home/shanmukh/OSBuild/py/modthread.c.obj
[1301/1514] Building C object esp-idf/main/CMakeFiles/__idf_main.dir/home/shanmukh/OSBuild/py/nativeglue.c.obj
[1302/1514] Building C object esp-idf/main/CMakeFiles/__idf_main.dir/home/shanmukh/OSBuild/py/mpprint.c.obj
[1303/1514] Building C object esp-idf/main/CMakeFiles/__idf_main.dir/home/shanmukh/OSBuild/py/mpz.c.obj
[1304/1514] Building C object esp-idf/main/CMakeFiles/__idf_main.dir/home/shanmukh/OSBuild/py/nlr.c.obj
[1305/1514] Building C object esp-idf/main/CMakeFiles/__idf_main.dir/home/shanmukh/OSBuild/py/nlraarch64.c.obj
[1306/1514] Building C object esp-idf/main/CMakeFiles/__idf_main.dir/home/shanmukh/OSBuild/py/nlrmips.c.obj
[1307/1514] Building C object esp-idf/main/CMakeFiles/__idf_main.dir/home/shanmukh/OSBuild/py/nlrrv32.c.obj
[1308/1514] Building C object esp-idf/main/CMakeFiles/__idf_main.dir/home/shanmukh/OSBuild/py/nlrpowerpc.c.obj
[1309/1514] Building C object esp-idf/main/CMakeFiles/__idf_main.dir/home/shanmukh/OSBuild/py/nlrsetjmp.c.obj
[1310/1514] Building C object esp-idf/main/CMakeFiles/__idf_main.dir/home/shanmukh/OSBuild/py/nlrrv64.c.obj
[1311/1514] Building C object esp-idf/main/CMakeFiles/__idf_main.dir/home/shanmukh/OSBuild/py/nlrthumb.c.obj
[1312/1514] Building C object esp-idf/main/CMakeFiles/__idf_main.dir/home/shanmukh/OSBuild/py/nlrxtensa.c.obj
[1313/1514] Building C object esp-idf/main/CMakeFiles/__idf_main.dir/home/shanmukh/OSBuild/py/nlrx64.c.obj
[1314/1514] Building C object esp-idf/main/CMakeFiles/__idf_main.dir/home/shanmukh/OSBuild/py/nlrx86.c.obj
[1315/1514] Building C object esp-idf/main/CMakeFiles/__idf_main.dir/home/shanmukh/OSBuild/py/objattrtuple.c.obj
[1316/1514] Building C object esp-idf/main/CMakeFiles/__idf_main.dir/home/shanmukh/OSBuild/py/objbool.c.obj
[1317/1514] Building C object esp-idf/main/CMakeFiles/__idf_main.dir/home/shanmukh/OSBuild/py/objboundmeth.c.obj
[1318/1514] Building C object esp-idf/main/CMakeFiles/__idf_main.dir/home/shanmukh/OSBuild/py/objcode.c.obj
[1319/1514] Building C object esp-idf/main/CMakeFiles/__idf_main.dir/home/shanmukh/OSBuild/py/obj.c.obj
[1320/1514] Building C object esp-idf/main/CMakeFiles/__idf_main.dir/home/shanmukh/OSBuild/py/objcell.c.obj
[1321/1514] Building C object esp-idf/main/CMakeFiles/__idf_main.dir/home/shanmukh/OSBuild/py/objarray.c.obj
[1322/1514] Building C object esp-idf/main/CMakeFiles/__idf_main.dir/home/shanmukh/OSBuild/py/objclosure.c.obj
[1323/1514] Building C object esp-idf/main/CMakeFiles/__idf_main.dir/home/shanmukh/OSBuild/py/objdeque.c.obj
[1324/1514] Building C object esp-idf/main/CMakeFiles/__idf_main.dir/home/shanmukh/OSBuild/py/objcomplex.c.obj
[1325/1514] Building C object esp-idf/main/CMakeFiles/__idf_main.dir/home/shanmukh/OSBuild/py/objenumerate.c.obj
[1326/1514] Building C object esp-idf/main/CMakeFiles/__idf_main.dir/home/shanmukh/OSBuild/py/objexcept.c.obj
[1327/1514] Building C object esp-idf/main/CMakeFiles/__idf_main.dir/home/shanmukh/OSBuild/py/objfilter.c.obj
[1328/1514] Building C object esp-idf/main/CMakeFiles/__idf_main.dir/home/shanmukh/OSBuild/py/objdict.c.obj
[1329/1514] Building C object esp-idf/main/CMakeFiles/__idf_main.dir/home/shanmukh/OSBuild/py/objfun.c.obj
[1330/1514] Building C object esp-idf/main/CMakeFiles/__idf_main.dir/home/shanmukh/OSBuild/py/objgenerator.c.obj
[1331/1514] Building C object esp-idf/main/CMakeFiles/__idf_main.dir/home/shanmukh/OSBuild/py/objfloat.c.obj
[1332/1514] Building C object esp-idf/main/CMakeFiles/__idf_main.dir/home/shanmukh/OSBuild/py/objgetitemiter.c.obj
[1333/1514] Building C object esp-idf/main/CMakeFiles/__idf_main.dir/home/shanmukh/OSBuild/py/objint_longlong.c.obj
[1334/1514] Building C object esp-idf/main/CMakeFiles/__idf_main.dir/home/shanmukh/OSBuild/py/objint.c.obj
[1335/1514] Building C object esp-idf/main/CMakeFiles/__idf_main.dir/home/shanmukh/OSBuild/py/objmap.c.obj
[1336/1514] Building C object esp-idf/main/CMakeFiles/__idf_main.dir/home/shanmukh/OSBuild/py/objmodule.c.obj
[1337/1514] Building C object esp-idf/main/CMakeFiles/__idf_main.dir/home/shanmukh/OSBuild/py/objnamedtuple.c.obj
[1338/1514] Building C object esp-idf/main/CMakeFiles/__idf_main.dir/home/shanmukh/OSBuild/py/objint_mpz.c.obj
[1339/1514] Building C object esp-idf/main/CMakeFiles/__idf_main.dir/home/shanmukh/OSBuild/py/objlist.c.obj
[1340/1514] Building C object esp-idf/main/CMakeFiles/__idf_main.dir/home/shanmukh/OSBuild/py/objobject.c.obj
[1341/1514] Building C object esp-idf/main/CMakeFiles/__idf_main.dir/home/shanmukh/OSBuild/py/objnone.c.obj
[1342/1514] Building C object esp-idf/main/CMakeFiles/__idf_main.dir/home/shanmukh/OSBuild/py/objpolyiter.c.obj
[1343/1514] Building C object esp-idf/main/CMakeFiles/__idf_main.dir/home/shanmukh/OSBuild/py/objproperty.c.obj
[1344/1514] Building C object esp-idf/main/CMakeFiles/__idf_main.dir/home/shanmukh/OSBuild/py/objreversed.c.obj
[1345/1514] Building C object esp-idf/main/CMakeFiles/__idf_main.dir/home/shanmukh/OSBuild/py/objrange.c.obj
[1346/1514] Building C object esp-idf/main/CMakeFiles/__idf_main.dir/home/shanmukh/OSBuild/py/objringio.c.obj
[1347/1514] Building C object esp-idf/main/CMakeFiles/__idf_main.dir/home/shanmukh/OSBuild/py/objsingleton.c.obj
[1348/1514] Building C object esp-idf/main/CMakeFiles/__idf_main.dir/home/shanmukh/OSBuild/py/objslice.c.obj
[1349/1514] Building C object esp-idf/main/CMakeFiles/__idf_main.dir/home/shanmukh/OSBuild/py/objset.c.obj
[1350/1514] Building C object esp-idf/main/CMakeFiles/__idf_main.dir/home/shanmukh/OSBuild/py/objstringio.c.obj
[1351/1514] Building C object esp-idf/main/CMakeFiles/__idf_main.dir/home/shanmukh/OSBuild/py/objtemplate.c.obj
[1352/1514] Building C object esp-idf/main/CMakeFiles/__idf_main.dir/home/shanmukh/OSBuild/py/objstrunicode.c.obj
[1353/1514] Building C object esp-idf/main/CMakeFiles/__idf_main.dir/home/shanmukh/OSBuild/py/objtuple.c.obj
[1354/1514] Building C object esp-idf/main/CMakeFiles/__idf_main.dir/home/shanmukh/OSBuild/py/objzip.c.obj
[1355/1514] Building C object esp-idf/main/CMakeFiles/__idf_main.dir/home/shanmukh/OSBuild/py/opmethods.c.obj
[1356/1514] Building C object esp-idf/main/CMakeFiles/__idf_main.dir/home/shanmukh/OSBuild/py/pairheap.c.obj
[1357/1514] Building C object esp-idf/main/CMakeFiles/__idf_main.dir/home/shanmukh/OSBuild/py/objtype.c.obj
[1358/1514] Building C object esp-idf/main/CMakeFiles/__idf_main.dir/home/shanmukh/OSBuild/py/objstr.c.obj
[1359/1514] Building C object esp-idf/main/CMakeFiles/__idf_main.dir/home/shanmukh/OSBuild/py/parsenumbase.c.obj
[1360/1514] Building C object esp-idf/main/CMakeFiles/__idf_main.dir/home/shanmukh/OSBuild/py/parse.c.obj
[1361/1514] Building C object esp-idf/main/CMakeFiles/__idf_main.dir/home/shanmukh/OSBuild/py/parsenum.c.obj
[1362/1514] Building C object esp-idf/main/CMakeFiles/__idf_main.dir/home/shanmukh/OSBuild/py/profile.c.obj
[1363/1514] Building C object esp-idf/main/CMakeFiles/__idf_main.dir/home/shanmukh/OSBuild/py/pystack.c.obj
[1364/1514] Building C object esp-idf/main/CMakeFiles/__idf_main.dir/home/shanmukh/OSBuild/py/persistentcode.c.obj
[1365/1514] Building C object esp-idf/main/CMakeFiles/__idf_main.dir/home/shanmukh/OSBuild/py/reader.c.obj
[1366/1514] Building C object esp-idf/main/CMakeFiles/__idf_main.dir/home/shanmukh/OSBuild/py/repl.c.obj
[1367/1514] Building C object esp-idf/main/CMakeFiles/__idf_main.dir/home/shanmukh/OSBuild/py/ringbuf.c.obj
[1368/1514] Building C object esp-idf/main/CMakeFiles/__idf_main.dir/home/shanmukh/OSBuild/py/qstr.c.obj
[1369/1514] Building C object esp-idf/main/CMakeFiles/__idf_main.dir/home/shanmukh/OSBuild/py/runtime_utils.c.obj
[1370/1514] Building C object esp-idf/main/CMakeFiles/__idf_main.dir/home/shanmukh/OSBuild/py/scheduler.c.obj
[1371/1514] Building C object esp-idf/main/CMakeFiles/__idf_main.dir/home/shanmukh/OSBuild/py/runtime.c.obj
[1372/1514] Building C object esp-idf/main/CMakeFiles/__idf_main.dir/home/shanmukh/OSBuild/py/scope.c.obj
[1373/1514] Building C object esp-idf/main/CMakeFiles/__idf_main.dir/home/shanmukh/OSBuild/py/showbc.c.obj
[1374/1514] Building C object esp-idf/main/CMakeFiles/__idf_main.dir/home/shanmukh/OSBuild/py/smallint.c.obj
[1375/1514] Building C object esp-idf/main/CMakeFiles/__idf_main.dir/home/shanmukh/OSBuild/py/stackctrl.c.obj
[1376/1514] Building C object esp-idf/main/CMakeFiles/__idf_main.dir/home/shanmukh/OSBuild/py/sequence.c.obj
[1377/1514] Building C object esp-idf/main/CMakeFiles/__idf_main.dir/home/shanmukh/OSBuild/py/stream.c.obj
[1378/1514] Building C object esp-idf/main/CMakeFiles/__idf_main.dir/home/shanmukh/OSBuild/py/unicode.c.obj
[1379/1514] Building C object esp-idf/main/CMakeFiles/__idf_main.dir/home/shanmukh/OSBuild/py/warning.c.obj
[1380/1514] Building C object esp-idf/main/CMakeFiles/__idf_main.dir/home/shanmukh/OSBuild/py/vstr.c.obj
[1381/1514] Building C object esp-idf/main/CMakeFiles/__idf_main.dir/home/shanmukh/OSBuild/shared/libc/abort_.c.obj
[1382/1514] Building C object esp-idf/main/CMakeFiles/__idf_main.dir/home/shanmukh/OSBuild/shared/libc/printf.c.obj
[1383/1514] Building C object esp-idf/main/CMakeFiles/__idf_main.dir/home/shanmukh/OSBuild/py/vm.c.obj
[1384/1514] Building C object esp-idf/main/CMakeFiles/__idf_main.dir/home/shanmukh/OSBuild/extmod/btstack/modbluetooth_btstack.c.obj
[1385/1514] Building C object esp-idf/main/CMakeFiles/__idf_main.dir/home/shanmukh/OSBuild/extmod/machine_adc_block.c.obj
[1386/1514] Building C object esp-idf/main/CMakeFiles/__idf_main.dir/home/shanmukh/OSBuild/extmod/machine_adc.c.obj
[1387/1514] Building C object esp-idf/main/CMakeFiles/__idf_main.dir/home/shanmukh/OSBuild/extmod/machine_can.c.obj
[1388/1514] Building C object esp-idf/main/CMakeFiles/__idf_main.dir/home/shanmukh/OSBuild/extmod/machine_bitstream.c.obj
[1389/1514] Building C object esp-idf/main/CMakeFiles/__idf_main.dir/home/shanmukh/OSBuild/extmod/machine_i2c.c.obj
[1390/1514] Building C object esp-idf/main/CMakeFiles/__idf_main.dir/home/shanmukh/OSBuild/extmod/machine_mem.c.obj
[1391/1514] Building C object esp-idf/main/CMakeFiles/__idf_main.dir/home/shanmukh/OSBuild/extmod/machine_pulse.c.obj
[1392/1514] Building C object esp-idf/main/CMakeFiles/__idf_main.dir/home/shanmukh/OSBuild/extmod/machine_i2s.c.obj
[1393/1514] Building C object esp-idf/main/CMakeFiles/__idf_main.dir/home/shanmukh/OSBuild/extmod/machine_i2c_target.c.obj
[1394/1514] Building C object esp-idf/main/CMakeFiles/__idf_main.dir/home/shanmukh/OSBuild/extmod/machine_spi.c.obj
[1395/1514] Building C object esp-idf/main/CMakeFiles/__idf_main.dir/home/shanmukh/OSBuild/extmod/machine_signal.c.obj
[1396/1514] Building C object esp-idf/main/CMakeFiles/__idf_main.dir/home/shanmukh/OSBuild/extmod/machine_uart.c.obj
[1397/1514] Building C object esp-idf/main/CMakeFiles/__idf_main.dir/home/shanmukh/OSBuild/extmod/machine_wdt.c.obj
[1398/1514] Building C object esp-idf/main/CMakeFiles/__idf_main.dir/home/shanmukh/OSBuild/extmod/machine_usb_device.c.obj
[1399/1514] Building C object esp-idf/main/CMakeFiles/__idf_main.dir/home/shanmukh/OSBuild/extmod/machine_pwm.c.obj
[1400/1514] Building C object esp-idf/main/CMakeFiles/__idf_main.dir/home/shanmukh/OSBuild/extmod/modlwip.c.obj
[1401/1514] Building C object esp-idf/main/CMakeFiles/__idf_main.dir/home/shanmukh/OSBuild/extmod/modmachine.c.obj
[1402/1514] Building C object esp-idf/main/CMakeFiles/__idf_main.dir/home/shanmukh/OSBuild/extmod/modmarshal.c.obj
[1403/1514] Building C object esp-idf/main/CMakeFiles/__idf_main.dir/home/shanmukh/OSBuild/extmod/modnetwork.c.obj
[1404/1514] Building C object esp-idf/main/CMakeFiles/__idf_main.dir/home/shanmukh/OSBuild/extmod/modbluetooth.c.obj
[1405/1514] Building C object esp-idf/main/CMakeFiles/__idf_main.dir/home/shanmukh/OSBuild/extmod/modframebuf.c.obj
[1406/1514] Building C object esp-idf/main/CMakeFiles/__idf_main.dir/home/shanmukh/OSBuild/extmod/modonewire.c.obj
[1407/1514] Building C object esp-idf/main/CMakeFiles/__idf_main.dir/home/shanmukh/OSBuild/extmod/modasyncio.c.obj
[1408/1514] Building C object esp-idf/main/CMakeFiles/__idf_main.dir/home/shanmukh/OSBuild/extmod/modbinascii.c.obj
[1409/1514] Building C object esp-idf/main/CMakeFiles/__idf_main.dir/home/shanmukh/OSBuild/extmod/modcryptolib.c.obj
[1410/1514] Building C object esp-idf/main/CMakeFiles/__idf_main.dir/home/shanmukh/OSBuild/extmod/moductypes.c.obj
[1411/1514] Building C object esp-idf/main/CMakeFiles/__idf_main.dir/home/shanmukh/OSBuild/extmod/modhashlib.c.obj
[1412/1514] Building C object esp-idf/main/CMakeFiles/__idf_main.dir/home/shanmukh/OSBuild/extmod/modheapq.c.obj
[1413/1514] Building C object esp-idf/main/CMakeFiles/__idf_main.dir/home/shanmukh/OSBuild/extmod/modos.c.obj
[1414/1514] Building C object esp-idf/main/CMakeFiles/__idf_main.dir/home/shanmukh/OSBuild/extmod/modplatform.c.obj
[1415/1514] Building C object esp-idf/main/CMakeFiles/__idf_main.dir/home/shanmukh/OSBuild/extmod/modjson.c.obj
[1416/1514] Building C object esp-idf/main/CMakeFiles/__idf_main.dir/home/shanmukh/OSBuild/extmod/moddeflate.c.obj
[1417/1514] Building C object esp-idf/main/CMakeFiles/__idf_main.dir/home/shanmukh/OSBuild/extmod/modrandom.c.obj
[1418/1514] Building C object esp-idf/main/CMakeFiles/__idf_main.dir/home/shanmukh/OSBuild/extmod/modselect.c.obj
[1419/1514] Building C object esp-idf/main/CMakeFiles/__idf_main.dir/home/shanmukh/OSBuild/extmod/modtls_axtls.c.obj
[1420/1514] Building C object esp-idf/main/CMakeFiles/__idf_main.dir/home/shanmukh/OSBuild/extmod/modsocket.c.obj
[1421/1514] Building C object esp-idf/main/CMakeFiles/__idf_main.dir/home/shanmukh/OSBuild/extmod/modtls_mbedtls.c.obj
[1422/1514] Building C object esp-idf/main/CMakeFiles/__idf_main.dir/home/shanmukh/OSBuild/extmod/modvfs.c.obj
[1423/1514] Building C object esp-idf/main/CMakeFiles/__idf_main.dir/home/shanmukh/OSBuild/extmod/modre.c.obj
[1424/1514] Building C object esp-idf/main/CMakeFiles/__idf_main.dir/home/shanmukh/OSBuild/extmod/modtime.c.obj
[1425/1514] Building C object esp-idf/main/CMakeFiles/__idf_main.dir/home/shanmukh/OSBuild/extmod/network_cyw43.c.obj
[1426/1514] Building C object esp-idf/main/CMakeFiles/__idf_main.dir/home/shanmukh/OSBuild/extmod/modwebsocket.c.obj
[1427/1514] Building C object esp-idf/main/CMakeFiles/__idf_main.dir/home/shanmukh/OSBuild/extmod/network_lwip.c.obj
[1428/1514] Building C object esp-idf/main/CMakeFiles/__idf_main.dir/home/shanmukh/OSBuild/extmod/modwebrepl.c.obj
[1429/1514] Building C object esp-idf/main/CMakeFiles/__idf_main.dir/home/shanmukh/OSBuild/extmod/network_ninaw10.c.obj
[1430/1514] Building C object esp-idf/main/CMakeFiles/__idf_main.dir/home/shanmukh/OSBuild/extmod/network_wiznet5k.c.obj
[1431/1514] Building C object esp-idf/main/CMakeFiles/__idf_main.dir/home/shanmukh/OSBuild/extmod/network_ppp_lwip.c.obj
[1432/1514] Building C object esp-idf/main/CMakeFiles/__idf_main.dir/home/shanmukh/OSBuild/extmod/vfs.c.obj
[1433/1514] Building C object esp-idf/main/CMakeFiles/__idf_main.dir/home/shanmukh/OSBuild/extmod/vfs_blockdev.c.obj
[1434/1514] Building C object esp-idf/main/CMakeFiles/__idf_main.dir/home/shanmukh/OSBuild/extmod/os_dupterm.c.obj
[1435/1514] Building C object esp-idf/main/CMakeFiles/__idf_main.dir/home/shanmukh/OSBuild/extmod/vfs_fat_file.c.obj
[1436/1514] Building C object esp-idf/main/CMakeFiles/__idf_main.dir/home/shanmukh/OSBuild/extmod/vfs_fat_diskio.c.obj
[1437/1514] Building C object esp-idf/main/CMakeFiles/__idf_main.dir/home/shanmukh/OSBuild/extmod/vfs_fat.c.obj
[1438/1514] Building C object esp-idf/main/CMakeFiles/__idf_main.dir/home/shanmukh/OSBuild/extmod/vfs_rom.c.obj
[1439/1514] Building C object esp-idf/main/CMakeFiles/__idf_main.dir/home/shanmukh/OSBuild/extmod/vfs_posix.c.obj
[1440/1514] Building C object esp-idf/main/CMakeFiles/__idf_main.dir/home/shanmukh/OSBuild/extmod/vfs_rom_file.c.obj
[1441/1514] Building C object esp-idf/main/CMakeFiles/__idf_main.dir/home/shanmukh/OSBuild/extmod/vfs_reader.c.obj
[1442/1514] Building C object esp-idf/main/CMakeFiles/__idf_main.dir/home/shanmukh/OSBuild/extmod/virtpin.c.obj
[1443/1514] Building C object esp-idf/main/CMakeFiles/__idf_main.dir/home/shanmukh/OSBuild/extmod/vfs_posix_file.c.obj
[1444/1514] Building C object esp-idf/main/CMakeFiles/__idf_main.dir/home/shanmukh/OSBuild/extmod/vfs_lfs.c.obj
[1445/1514] Building C object esp-idf/main/CMakeFiles/__idf_main.dir/home/shanmukh/OSBuild/shared/readline/readline.c.obj
[1446/1514] Building C object esp-idf/main/CMakeFiles/__idf_main.dir/home/shanmukh/OSBuild/extmod/modbtree.c.obj
[1447/1514] Building C object esp-idf/main/CMakeFiles/__idf_main.dir/home/shanmukh/OSBuild/extmod/nimble/modbluetooth_nimble.c.obj
[1448/1514] Building C object esp-idf/main/CMakeFiles/__idf_main.dir/home/shanmukh/OSBuild/shared/netutils/netutils.c.obj
[1449/1514] Building C object esp-idf/main/CMakeFiles/__idf_main.dir/home/shanmukh/OSBuild/shared/runtime/interrupt_char.c.obj
[1450/1514] Building C object esp-idf/main/CMakeFiles/__idf_main.dir/home/shanmukh/OSBuild/shared/runtime/mpirq.c.obj
[1451/1514] Building C object esp-idf/main/CMakeFiles/__idf_main.dir/home/shanmukh/OSBuild/shared/timeutils/timeutils.c.obj
[1452/1514] Building C object esp-idf/main/CMakeFiles/__idf_main.dir/home/shanmukh/OSBuild/shared/runtime/stdout_helpers.c.obj
[1453/1514] Building C object esp-idf/main/CMakeFiles/__idf_main.dir/home/shanmukh/OSBuild/shared/runtime/sys_stdio_mphal.c.obj
[1454/1514] Building C object esp-idf/main/CMakeFiles/__idf_main.dir/home/shanmukh/OSBuild/lib/littlefs/lfs1_util.c.obj
[1455/1514] Building C object esp-idf/main/CMakeFiles/__idf_main.dir/home/shanmukh/OSBuild/shared/runtime/pyexec.c.obj
[1456/1514] Building C object esp-idf/main/CMakeFiles/__idf_main.dir/home/shanmukh/OSBuild/lib/littlefs/lfs2_util.c.obj
[1457/1514] Building C object esp-idf/main/CMakeFiles/__idf_main.dir/home/shanmukh/OSBuild/lib/mbedtls_errors/esp32_mbedtls_errors.c.obj
[1458/1514] Building C object esp-idf/main/CMakeFiles/__idf_main.dir/home/shanmukh/OSBuild/lib/littlefs/lfs1.c.obj
[1459/1514] Building C object esp-idf/main/CMakeFiles/__idf_main.dir/home/shanmukh/OSBuild/lib/oofatfs/ffunicode.c.obj
[1460/1514] Building C object esp-idf/main/CMakeFiles/__idf_main.dir/home/shanmukh/OSBuild/lib/oofatfs/ff.c.obj
[1461/1514] Building C object esp-idf/main/CMakeFiles/__idf_main.dir/home/shanmukh/OSBuild/drivers/bus/softspi.c.obj
[1462/1514] Building C object esp-idf/main/CMakeFiles/__idf_main.dir/__/panichandler.c.obj
[1463/1514] Building C object esp-idf/main/CMakeFiles/__idf_main.dir/home/shanmukh/OSBuild/drivers/dht/dht.c.obj
[1464/1514] Building C object esp-idf/main/CMakeFiles/__idf_main.dir/__/adc.c.obj
[1465/1514] Building C object esp-idf/main/CMakeFiles/__idf_main.dir/__/ppp_set_auth.c.obj
[1466/1514] Building C object esp-idf/main/CMakeFiles/__idf_main.dir/__/main.c.obj
[1467/1514] Building C object esp-idf/main/CMakeFiles/__idf_main.dir/home/shanmukh/OSBuild/lib/littlefs/lfs2.c.obj
[1468/1514] Building C object esp-idf/main/CMakeFiles/__idf_main.dir/__/uart.c.obj
[1469/1514] Building C object esp-idf/main/CMakeFiles/__idf_main.dir/__/usb.c.obj
[1470/1514] Building C object esp-idf/main/CMakeFiles/__idf_main.dir/__/usb_serial_jtag.c.obj
[1471/1514] Building C object esp-idf/main/CMakeFiles/__idf_main.dir/__/gccollect.c.obj
[1472/1514] Building C object esp-idf/main/CMakeFiles/__idf_main.dir/__/fatfs_port.c.obj
[1473/1514] Building C object esp-idf/main/CMakeFiles/__idf_main.dir/__/help.c.obj
[1474/1514] Building C object esp-idf/main/CMakeFiles/__idf_main.dir/__/machine_bitstream.c.obj
[1475/1514] Building C object esp-idf/main/CMakeFiles/__idf_main.dir/__/mphalport.c.obj
[1476/1514] Building C object esp-idf/main/CMakeFiles/__idf_main.dir/__/machine_timer.c.obj
[1477/1514] Building C object esp-idf/main/CMakeFiles/__idf_main.dir/__/machine_touchpad.c.obj
[1478/1514] Building C object esp-idf/main/CMakeFiles/__idf_main.dir/__/machine_dac.c.obj
[1479/1514] Building C object esp-idf/main/CMakeFiles/__idf_main.dir/__/machine_pin.c.obj
[1480/1514] Building C object esp-idf/main/CMakeFiles/__idf_main.dir/__/machine_i2c.c.obj
[1481/1514] Building C object esp-idf/main/CMakeFiles/__idf_main.dir/__/network_ppp.c.obj
[1482/1514] Building C object esp-idf/main/CMakeFiles/__idf_main.dir/__/network_lan.c.obj
[1483/1514] Building C object esp-idf/main/CMakeFiles/__idf_main.dir/__/mpnimbleport.c.obj
[1484/1514] Building C object esp-idf/main/CMakeFiles/__idf_main.dir/__/network_common.c.obj
[1485/1514] Building C object esp-idf/main/CMakeFiles/__idf_main.dir/__/lwip_patch.c.obj
[1486/1514] Building C object esp-idf/main/CMakeFiles/__idf_main.dir/__/modesp.c.obj
[1487/1514] Building C object esp-idf/main/CMakeFiles/__idf_main.dir/__/network_wlan.c.obj
[1488/1514] Building C object esp-idf/main/CMakeFiles/__idf_main.dir/__/modsocket.c.obj
[1489/1514] Building C object esp-idf/main/CMakeFiles/__idf_main.dir/__/esp32_nvs.c.obj
[1490/1514] Building C object esp-idf/main/CMakeFiles/__idf_main.dir/__/esp32_partition.c.obj
[1491/1514] Building C object esp-idf/main/CMakeFiles/__idf_main.dir/__/esp32_ulp.c.obj
[1492/1514] Building C object esp-idf/main/CMakeFiles/__idf_main.dir/__/esp32_rmt.c.obj
[1493/1514] Building C object esp-idf/main/CMakeFiles/__idf_main.dir/__/esp32_ldo.c.obj
[1494/1514] Building C object esp-idf/main/CMakeFiles/__idf_main.dir/__/esp32_pcnt.c.obj
[1495/1514] Building C object esp-idf/main/CMakeFiles/__idf_main.dir/__/modesp32.c.obj
[1496/1514] Building C object esp-idf/main/CMakeFiles/__idf_main.dir/__/machine_hw_spi.c.obj
[1497/1514] Building C object esp-idf/main/CMakeFiles/__idf_main.dir/__/mpthreadport.c.obj
[1498/1514] Building C object esp-idf/main/CMakeFiles/__idf_main.dir/__/machine_rtc.c.obj
[1499/1514] Building C object esp-idf/main/CMakeFiles/__idf_main.dir/__/machine_sdcard.c.obj
[1500/1514] Building C object esp-idf/main/CMakeFiles/__idf_main.dir/__/modzfs.c.obj
[1501/1514] Building C object esp-idf/main/CMakeFiles/__idf_main.dir/__/zfs_lfs.c.obj
[1502/1514] Building C object esp-idf/main/CMakeFiles/__idf_main.dir/__/__/pins.c.obj
[1503/1514] Building C object esp-idf/main/CMakeFiles/__idf_main.dir/home/shanmukh/OSBuild/shared/tinyusb/mp_usbd.c.obj
[1504/1514] Building C object esp-idf/main/CMakeFiles/__idf_main.dir/home/shanmukh/OSBuild/shared/tinyusb/mp_usbd_descriptor.c.obj
[1505/1514] Building C object esp-idf/main/CMakeFiles/__idf_main.dir/home/shanmukh/OSBuild/shared/tinyusb/mp_usbd_cdc.c.obj
[1506/1514] Building C object esp-idf/main/CMakeFiles/__idf_main.dir/__/modespnow.c.obj
[1507/1514] Building C object esp-idf/main/CMakeFiles/__idf_main.dir/home/shanmukh/OSBuild/shared/tinyusb/mp_usbd_runtime.c.obj
[1508/1514] Building C object esp-idf/main/CMakeFiles/__idf_main.dir/__/__/frozen_content.c.obj
[1509/1514] Linking C static library esp-idf/main/libmain.a
[1510/1514] Generating esp-idf/esp_system/ld/sections.ld
[1511/1514] Building C object CMakeFiles/micropython.elf.dir/project_elf_src_esp32s3.c.obj
[1512/1514] Linking CXX executable micropython.elf
[1513/1514] Generating binary image from built executable
esptool.py v4.12.dev2
Creating esp32s3 image...
Merged 3 ELF sections
Successfully created esp32s3 image.
Generated /home/shanmukh/OSBuild/ports/esp32/build-ESP32_GENERIC_S3/micropython.bin
[1514/1514] cd /home/shanmukh/OSBuild/ports/esp32/build-ESP32_GENERIC_S3/esp-idf/esptool_py && /home/shanmukh/.espressif/python_env/idf5.5_py3.12_env/bin/python /home/shanmukh/esp/esp-idf/components/partition_table/check_sizes.py --offset 0x8000 partition --type app /home/shanmukh/OSBuild/ports/esp32/build-ESP32_GENERIC_S3/partition_table/partition-table.bin /home/shanmukh/OSBuild/ports/esp32/build-ESP32_GENERIC_S3/micropython.bin
micropython.bin binary size 0x1bfba0 bytes. Smallest app partition is 0x270000 bytes. 0xb0460 bytes (28%) free.

Project build complete. To flash, run:
 idf.py flash
or
 idf.py -p PORT flash
or
 python -m esptool --chip esp32s3 -b 460800 --before default_reset --after hard_reset write_flash --flash_mode dio --flash_size 16MB --flash_freq 80m 0x0 build-ESP32_GENERIC_S3/bootloader/bootloader.bin 0x8000 build-ESP32_GENERIC_S3/partition_table/partition-table.bin 0xd000 build-ESP32_GENERIC_S3/ota_data_initial.bin 0x10000 build-ESP32_GENERIC_S3/micropython.bin
or from the "/home/shanmukh/OSBuild/ports/esp32/build-ESP32_GENERIC_S3" directory
 python -m esptool --chip esp32s3 -b 460800 --before default_reset --after hard_reset write_flash "@flash_args"
bootloader  @0x000000    19232  (   13536 remaining)
partitions  @0x008000     3072  (    1024 remaining)
application @0x010000  1833888  (  722016 remaining)
total                  1899424

# Finished: 2026-06-17 04:40:23 UTC  Duration: 390s  RC: 0
